ANO_CINEMATOGRAFICO,QTDE_TIT_DIF_EXIB,PUBLICO,RENDA,QTDE_SESSOES,DIAS_FUNCIONAMENTO,QTDE_EMPRESAS,QTDE_COMPLEXOS,QTDE_SALAS,SALAS_GRUPO_INFERIDO,ASSENTOS_GRUPO_INFERIDO,OBRIGAÇÃO_TOTAL_POR_SALA,OBRIGAÇÃO_TOTAL_INCREMENTO_POR_SALA,OBRIGAÇÃO_PROP_POR_SALA,OBRIGAÇÃO_PROP_INCREMENTO_POR_SALA,OBRIGAÇÃO_FINAL_POR_SALA,CUMP_QUADRATIC,CUMP_NORMALIZADO,TRANSF_ORIGEM,TRANSF_RECEBIDOS,CUMPRIMENTO_PROPORCIONAL,CUMP_LINEAR,CUMP_TRIWEIGHT,REGISTRO_GRUPO
2017,24,22867,309196.37525114266,709,1.0,1,1,1,1.0,289.0,28.0,28.0,28.0,28.0,28.0,0.7844387755102041,0.3581801719959186,0.0,0.0,0.5357142857142857,0.5357142857142857,0.5357142857142857,086b6c0fdc964368a2057cd13c512922
2017,251,530352,6527506.773213398,9823,1.0,1,1,7,7.0,1486.0,63.0,63.0,63.0,63.0,63.0,0.9972799399427194,0.39840007571129815,0.0,0.0,0.947845804988662,0.947845804988662,0.947845804988662,bacde60f6ec54a96b47e33b2f17c0baf
2017,34,42070,673262.0226476786,1201,1.0,1,1,1,1.0,154.0,28.0,28.0,28.0,28.0,28.0,0.8456632653061225,0.3693144238737143,0.0,0.0,0.6071428571428571,0.6071428571428571,0.6071428571428571,75984adcf0084fe9bd265a8c5b074eea
2017,71,84089,643823.9918087171,2157,1.0,1,1,2,2.0,418.0,35.0,35.0,34.999998,34.999998,35.0,0.9981632653061224,0.3985760730199877,0.0,0.0,0.9571428571428572,0.9571428571428572,0.9571428571428572,8f8557d0d5f242358518322117daeef6
2017,38,35226,420675.88811984134,1062,1.0,1,1,2,2.0,260.0,35.0,35.0,34.999998,34.999998,35.0,0.5199489795918368,0.3138111072336933,0.0,0.0,0.3071428571428572,0.3071428571428572,0.3071428571428572,5ef951fd8a954398a72b14c19754dea5
2017,50,6128,66649.54494033508,543,1.0,1,1,1,1.0,724.0,28.0,28.0,28.0,28.0,28.0,0.984375,0.3958376869447495,0.0,0.0,1.125,0.875,0.875,5c81c691b5834e31b4a192c92b26a7d5
2017,31,17902,104196.13813804477,423,1.0,1,1,1,1.0,270.0,28.0,28.0,28.0,28.0,28.0,0.9795918367346941,0.39489213993026107,0.0,0.0,0.8571428571428571,0.8571428571428571,0.8571428571428571,ed64993280e1475e9eb4c7d019636295
2017,43,40439,607958.4259053773,984,1.0,1,1,1,1.0,172.0,28.0,28.0,28.0,28.0,28.0,0.9987244897959184,0.3986879340406525,0.0,0.0,0.9642857142857144,0.9642857142857144,0.9642857142857144,2436778f71e54417b574588890dec855
2017,23,2413,13361.832975441997,483,1.0,1,1,1,1.0,73.0,28.0,28.0,28.0,28.0,28.0,0.0,0.0010511468401100184,0.0,0.0,4.446428571428571,0.0,0.0,7f88aa4397f442da9bdfca93dc93289c
2017,50,49469,688326.9050727679,1556,1.0,1,1,2,2.0,559.0,35.0,35.0,34.999998,34.999998,35.0,0.9681122448979592,0.3926320321210658,0.0,0.0,0.8214285714285714,0.8214285714285714,0.8214285714285714,f04178720ebe4c6dbd57b035a5ead5e5
2017,164,109533,1941285.7431423943,4935,1.0,1,1,4,4.0,408.0,49.0,49.0,48.99999725,48.99999725,49.0,0.7820634631403582,0.35775502961079536,0.0,0.0,0.5331632653061225,0.5331632653061225,0.5331632653061225,e677ca6268104eb09cd4df07c8cadea3
2017,128,55611,448262.57293513906,1133,1.0,1,1,1,1.0,293.0,28.0,28.0,26.465754,26.465754,26.47,0.0,0.10973131484601688,0.0,0.0,2.606724593879864,0.0,0.0,a973b0b383594b12bea09a7475ad94d0
2017,60,63674,1096899.1752358144,4472,1.0,1,1,3,3.0,619.0,42.0,42.0,42.0,42.0,42.0,0.8456632653061225,0.3693144238737143,0.0,0.0,0.6071428571428571,0.6071428571428571,0.6071428571428571,b8686823dbe444a8ab679ad9e679b7fe
2017,29,38614,728443.9557741188,679,1.0,1,1,1,1.0,2000.0,28.0,28.0,28.0,28.0,28.0,0.984375,0.3958376869447495,0.0,0.0,0.875,0.875,0.875,95d181f473b54208a77623fbdaa0e58f
2017,52,62873,436452.4891825735,1754,1.0,1,1,2,2.0,198.0,35.0,35.0,34.999998,34.999998,35.0,0.9477551020408164,0.38865586909524175,0.0,0.0,0.7714285714285715,0.7714285714285715,0.7714285714285715,36e6846792274a23bcef5b851f34d588
2017,68,43806,541864.017300865,1001,1.0,1,1,1,1.0,250.0,28.0,28.0,28.0,28.0,28.0,0.8007015306122449,0.3611045436777292,0.0,0.0,0.5535714285714286,0.5535714285714286,0.5535714285714286,bad782f3954e4f37a6702642e5d6bdc8
2017,46,49364,711549.0644519948,1792,1.0,1,1,2,2.0,272.0,35.0,35.0,34.999998,34.999998,35.0,0.9477551020408164,0.38865586909524175,0.0,0.0,1.2285714285714286,0.7714285714285714,0.7714285714285714,c1b852b307c84026936b5f62f24a5958
2017,62,88501,1199262.3056981498,1847,1.0,1,1,2,2.0,449.0,35.0,35.0,34.999998,34.999998,35.0,0.7570918367346938,0.35331593764464125,0.0,0.0,0.5071428571428571,0.5071428571428571,0.5071428571428571,f91b7bf76e54406fa5ec925e3d90607b
2017,46,30920,335630.7147932948,962,1.0,1,1,1,1.0,216.0,28.0,28.0,28.0,28.0,28.0,0.8966836734693878,0.3788569080649409,0.0,0.0,0.6785714285714286,0.6785714285714286,0.6785714285714286,394ebcb129cb4a12b8ce1ff8a20d50c0
2017,7,1806,13417.078918719266,179,1.0,1,1,1,1.0,122.0,28.0,28.0,20.175343,20.175343,20.18,0.0,0.2419707245191433,0.0,0.0,0.0,0.0,0.0,3c5758f589534bd8a5b1a83e8b2fa3ec
2017,28,48704,440373.2507370063,722,1.0,1,1,1,1.0,220.0,28.0,28.0,28.0,28.0,28.0,0.4375,0.30113743215480443,0.0,0.0,0.25,0.25,0.25,0a54429e8b6541289e3f71c4a1e374b4
2017,62,4441,77396.51658811557,954,1.0,1,1,1,1.0,50.0,28.0,28.0,28.0,28.0,28.0,0.0,0.15884015441915675,0.0,0.0,2.357142857142857,0.0,0.0,f18af562970b4d30bfe8c7424dc61f7d
2017,53,1084,11207.254720983752,205,1.0,1,1,1,1.0,130.0,28.0,28.0,28.0,28.0,28.0,0.9741709183673468,0.3938232501484804,0.0,0.0,1.1607142857142858,0.8392857142857142,0.8392857142857142,0bff0854eeb6489bac99401856afe13e
2017,213,259780,4484581.67687931,8074,1.0,1,1,6,6.0,1034.0,63.0,63.0,63.0,63.0,63.0,0.99190952101005,0.3973317230738505,0.0,0.0,1.08994708994709,0.91005291005291,0.91005291005291,33a377cc3c8040f8a6e36d014e02ada6
2017,141,75420,810469.5581441849,2741,1.0,1,1,2,2.0,354.0,35.0,35.0,34.999998,34.999998,35.0,0.6226530612244898,0.3303468874284921,0.0,0.0,0.3857142857142857,0.3857142857142857,0.3857142857142857,34c7f39362d44d859f3efab491a64532
2017,62,63711,593098.9113019586,2821,1.0,1,1,2,2.0,472.0,35.0,35.0,34.999998,34.999998,35.0,0.8163265306122449,0.3639367217154837,0.0,0.0,0.5714285714285714,0.5714285714285714,0.5714285714285714,9806752999e046d4a30f071272449cc7
2017,10,2315,23138.996646820917,203,1.0,1,1,1,1.0,1535.0,28.0,28.0,28.0,28.0,28.0,0.20280612244897955,0.2677944763458458,0.0,0.0,0.10714285714285714,0.1071428571428571,0.1071428571428571,581d3a60af41408bb43261e65744af71
2017,11,2144,22824.780720300485,103,1.0,1,1,1,1.0,450.0,28.0,28.0,24.317809,24.317809,24.32,0.7221253624913435,0.3471925159197288,0.0,0.0,0.4728618421052632,0.4728618421052632,0.4728618421052632,4943bb8c49064a15b637f03cd88802e5
2017,77,22908,98979.46222767961,933,1.0,1,1,1,1.0,110.0,28.0,28.0,28.0,28.0,28.0,0.9540816326530612,0.3898872372672994,0.0,0.0,1.2142857142857142,0.7857142857142858,0.7857142857142858,472937bb84c24965acc293a0233916ed
2017,37,63791,481704.43457545724,1255,1.0,1,1,2,2.0,342.0,35.0,35.0,34.999998,34.999998,35.0,0.6734693877551021,0.3388479357567876,0.0,0.0,0.42857142857142855,0.4285714285714286,0.4285714285714286,ab338cc14923479d8516905be01b0afb
2017,55,112600,1334035.773186137,2644,1.0,1,1,2,2.0,747.0,35.0,35.0,34.999998,34.999998,35.0,0.9681122448979592,0.3926320321210658,0.0,0.0,0.8214285714285714,0.8214285714285714,0.8214285714285714,8b3899ca2fcd4119a3b8a8af7ec87ca2
2017,35,23090,319431.0653980409,1023,1.0,1,1,2,2.0,312.0,35.0,35.0,34.999998,34.999998,35.0,0.4587244897959183,0.30435019348615794,0.0,0.0,0.2642857142857143,0.26428571428571423,0.26428571428571423,33f8aabd33e148c39bd94170bec6d623
2017,62,317430,3308321.8076977013,4066,1.0,1,1,3,3.0,993.0,42.0,42.0,42.0,42.0,42.0,0.9948979591836736,0.3979258674986881,0.0,0.0,1.0714285714285714,0.9285714285714286,0.9285714285714286,717d0c10d9df40fbba72e9f5c870de98
2017,64,29940,281395.0538289652,861,1.0,1,1,1,1.0,200.0,28.0,28.0,28.0,28.0,28.0,0.859375,0.37185509386976895,0.0,0.0,1.375,0.625,0.625,4ec048e85ebd439eb53694579b114acc
2017,65,83350,997084.7331731477,3872,1.0,1,1,4,4.0,753.0,49.0,49.0,48.99999725,48.99999725,49.0,0.7265136922115785,0.34795514990423443,0.0,0.0,0.4770408163265306,0.4770408163265306,0.4770408163265306,220fe984e8a749fe881bd18d06e1f056
2017,3,172,786.0803979946132,6,1.0,1,1,2,2.0,332.0,35.0,35.0,34.999998,34.999998,35.0,0.0,0.2419707245191433,0.0,0.0,0.0,0.0,0.0,362a72723fc14db0aeef5d0c5ec77305
2017,40,4933,39086.55241827802,758,1.0,1,1,1,1.0,83.0,28.0,28.0,28.0,28.0,28.0,0.0,7.199280460874998e-14,0.0,0.0,8.660714285714286,0.0,0.0,4dc1c4166e394abfb75b248ea932ba6d
2017,58,112927,1218515.6448946313,2709,2.0,1,2,3,3.0,580.0,35.0,35.0,34.999998,34.999998,35.0,0.5958673469387756,0.3259520938692066,0.0,0.0,0.3642857142857143,0.3642857142857143,0.3642857142857143,919c2bdb3ceb47fca6c32c1238dea93a
2017,26,12525,130500.27706831234,474,1.0,1,1,1,1.0,164.0,28.0,28.0,28.0,28.0,28.0,0.9971301020408164,0.3983702291136187,0.0,0.0,1.0535714285714286,0.9464285714285714,0.9464285714285714,7eebd2395d37402fb2c9db3225074e70
2017,51,81077,1240917.0091050435,4313,1.0,1,1,3,3.0,581.0,42.0,42.16666666666666,38.893156,39.05982266666667,39.06,0.5883788748859856,0.3247339342581589,0.0,0.0,0.35842293906810035,0.3584229390681004,0.3584229390681004,af63b467cee242d3bd5ac5ce4b68b269
2017,46,46633,616469.4511038106,1768,1.0,1,1,2,2.0,276.0,35.0,35.0,34.999998,34.999998,35.0,0.91,0.3813878154605241,0.0,0.0,0.7,0.7,0.7,1636bda4457b47bfbfea0a28b1b77495
2017,59,12908,138001.92492556927,793,1.0,1,1,1,1.0,120.0,28.0,28.0,28.0,28.0,28.0,0.9971301020408164,0.3983702291136187,0.0,0.0,0.9464285714285714,0.9464285714285714,0.9464285714285714,6961267ca9294a7ca4466bdf4172ef9f
2017,33,22535,326830.25355490623,175,1.0,1,1,1,1.0,950.0,28.0,28.0,28.0,28.0,28.0,0.9948979591836736,0.3979258674986881,0.0,0.0,1.0714285714285714,0.9285714285714286,0.9285714285714286,93c5161f39ce43beb8d6c9e50cca6784
2017,46,37486,354258.4146953976,608,1.0,1,1,1,1.0,401.0,28.0,28.0,28.0,28.0,28.0,0.9987244897959184,0.3986879340406525,0.0,0.0,1.0357142857142858,0.9642857142857142,0.9642857142857142,5361c5e12ac142bf98c9f4126c1a4f36
2017,31,10303,137393.99171670785,610,1.0,1,1,1,1.0,100.0,28.0,28.0,28.0,28.0,28.0,0.9681122448979592,0.3926320321210658,0.0,0.0,1.1785714285714286,0.8214285714285714,0.8214285714285714,c960edfb24754ec1b9bc490d21485e62
2017,57,30639,350981.4835188944,686,1.0,1,1,1,1.0,300.0,28.0,28.0,28.0,28.0,28.0,0.9614158163265306,0.3913196142962197,0.0,0.0,1.1964285714285714,0.8035714285714286,0.8035714285714286,b4eb82fece3e42c58d3a0f77523da7c4
2017,93,108228,1215632.5146594616,2018,1.0,1,1,2,2.0,650.0,35.0,35.0,34.999998,34.999998,35.0,0.22811224489795925,0.27120442389392874,0.0,0.0,0.12142857142857146,0.12142857142857146,0.12142857142857146,7470394bf16b4a6aa3afef2cf20c005b
2017,92,183078,2946924.2524483264,6315,1.0,1,1,4,4.0,771.0,49.0,49.125,48.99999725,49.12499725,49.125,0.4517219276265951,0.30328644124510057,0.0,0.0,0.2595419847328244,0.2595419847328244,0.2595419847328244,b543a60483204c7a81092c7a4c803ed4
2017,81,20441,253015.68088741845,1066,1.0,1,1,2,2.0,358.0,42.0,42.0,42.0,42.0,42.0,0.4134385235575713,0.29753623252094324,0.0,0.0,0.2341269841269841,0.23412698412698416,0.23412698412698416,4614dbdda67e4f0aa3b6bf5ae5d0e3e5
2017,7,2380,32675.93148383168,110,1.0,1,1,1,1.0,104.0,28.0,28.0,4.60274,4.60274,4.6,0.0,0.2419707245191433,0.0,0.0,0.0,0.0,0.0,04014c48075c4853b5b3f00be6ac88cd
2017,33,23712,189904.56338172665,629,1.0,1,1,1,1.0,190.0,28.0,28.0,28.0,28.0,28.0,0.6527423469387754,0.33535441212874034,0.0,0.0,0.4107142857142857,0.4107142857142857,0.4107142857142857,9d90732321874243a91ae0bab50fdcf0
2017,25,1463,28911.635444632357,151,1.0,1,1,1,1.0,111.0,28.0,28.0,28.0,28.0,28.0,0.9282525510204082,0.384884396854388,0.0,0.0,0.7321428571428571,0.7321428571428571,0.7321428571428571,fb09979cd288497db54925e04ba50128
2017,71,262420,2977824.239950756,5392,1.0,1,1,4,4.0,631.0,49.0,49.0,48.99999725,48.99999725,49.0,0.9885204081632653,0.3966589922014887,0.0,0.0,1.1071428571428572,0.8928571428571428,0.8928571428571428,0788b3fcedbb41199f4551ed13ab66f6
2017,68,13185,269353.5646762539,666,1.0,1,1,1,1.0,84.0,28.0,28.0,28.0,28.0,28.0,0.9948979591836736,0.3979258674986881,0.0,0.0,0.9285714285714286,0.9285714285714286,0.9285714285714286,992e0a0bb2ca463fb9bd249051b6fc4b
2017,65,162154,895057.3755488064,4380,1.0,1,1,6,6.0,714.0,63.0,63.33333333333334,63.0,63.33333333333334,63.33333333333334,0.6783916204986149,0.33968290701827697,0.0,0.0,0.4328947368421053,0.4328947368421052,0.4328947368421052,9c8fc003505e420bb6f4d46bd48a64a6
2017,47,36588,374516.2472252835,1008,1.0,1,1,2,2.0,270.0,35.0,35.0,34.999998,34.999998,35.0,0.6138265306122449,0.3288921913122502,0.0,0.0,1.6214285714285714,0.37857142857142856,0.37857142857142856,13b5ff8f07684b7983af9ffe884ecc85
2017,58,51926,626290.1570969014,1639,1.0,1,1,2,2.0,422.0,35.0,35.0,34.999998,34.999998,35.0,0.4481632653061224,0.3027472740504621,0.0,0.0,0.2571428571428571,0.2571428571428571,0.2571428571428571,52e6b168e460455b99f1f6b0a2472f86
2017,54,64983,736953.2941111965,1945,1.0,1,1,2,2.0,303.0,35.0,35.0,34.999998,34.999998,35.0,0.6652551020408164,0.3374590929180804,0.0,0.0,0.4214285714285714,0.4214285714285715,0.4214285714285715,69ce851e65c24590bd8b8295f04d8d44
2017,64,14322,242906.3375567913,979,1.0,1,1,1,1.0,120.0,28.0,28.0,28.0,28.0,28.0,0.234375,0.2720549983785435,0.0,0.0,0.125,0.125,0.125,af65600408154f50b4e4cf6f570a5517
2017,39,17902,210663.15954930172,649,1.0,1,1,1,1.0,200.0,28.0,28.0,28.0,28.0,28.0,0.6734693877551021,0.3388479357567876,0.0,0.0,0.42857142857142855,0.4285714285714286,0.4285714285714286,a002d7a9cc3b4ed3af6946cd4b6083f4
2017,19,63650,1627985.4777407632,903,1.0,1,1,1,1.0,347.0,28.0,28.0,28.0,28.0,28.0,0.0,0.2419707245191433,0.0,0.0,0.0,0.0,0.0,3be871155e5945b19ad63630c070367a
2017,60,37060,587924.313244473,796,1.0,1,1,1,1.0,300.0,28.0,28.0,28.0,28.0,28.0,0.5395408163265305,0.31690028116770225,0.0,0.0,0.32142857142857145,0.3214285714285714,0.3214285714285714,d6de5d28531c40d687f7dee099fe2fe1
2017,123,44773,441275.3609610067,3482,1.0,1,1,2,2.0,374.0,35.0,35.0,34.999998,34.999998,35.0,0.6734693877551021,0.3388479357567876,0.0,0.0,0.42857142857142855,0.4285714285714286,0.4285714285714286,8343564d8ff24ad297d44f5f1edc1919
2017,36,13113,101998.29162139088,434,1.0,1,1,1,1.0,218.0,28.0,28.0,28.0,28.0,28.0,0.859375,0.37185509386976895,0.0,0.0,0.625,0.625,0.625,315ba15261324275bc1a382887746750
2017,42,10815,113528.58792300012,962,1.0,1,1,1,1.0,106.0,28.0,28.0,28.0,28.0,28.0,0.6935586734693877,0.34226869363860024,0.0,0.0,0.44642857142857145,0.4464285714285714,0.4464285714285714,ed598c63351643a4b60ca77cef01f5b7
2017,48,3459,28440.77241472225,470,1.0,1,1,1,1.0,150.0,28.0,28.0,28.0,28.0,28.0,0.0,0.07111703852909346,0.0,0.0,2.8571428571428568,0.0,0.0,038d901449b2408385cb8e6703584861
2017,42,11397,134317.26360233082,544,1.0,1,1,1,1.0,260.0,28.0,28.0,17.490410999999998,17.490410999999998,17.49,0.8393589933445591,0.36815212741062864,0.0,0.0,1.4008004574042312,0.5991995425957688,0.5991995425957688,3bf4974c8c2441aba3de967825db91d2
2017,91,197459,2908593.7755127638,5443,1.0,1,1,4,4.0,720.0,49.0,49.0,48.99999725,48.99999725,49.0,0.9518690129112868,0.3894561396759072,0.0,0.0,1.2193877551020411,0.7806122448979591,0.7806122448979591,9ead2b4e7c1443c9b94b5ac74bd73bec
2017,65,88510,1255672.615442043,4362,1.0,1,1,3,3.0,625.0,42.0,42.0,42.0,42.0,42.0,0.9984252960443436,0.3986282960322469,0.0,0.0,1.0396825396825398,0.9603174603174602,0.9603174603174602,50b8edb7c6e74fada0cce825d87cddb6
2017,44,39652,265915.2842245135,1000,1.0,1,1,1,1.0,182.0,28.0,28.0,28.0,28.0,28.0,0.4375,0.30113743215480443,0.0,0.0,0.25,0.25,0.25,638909adcd48467b83def1061ddc65ab
2017,34,56614,694398.6264682986,851,1.0,1,1,1,1.0,286.0,28.0,28.0,28.0,28.0,28.0,0.5395408163265305,0.31690028116770225,0.0,0.0,0.32142857142857145,0.3214285714285714,0.3214285714285714,77c74707d1aa4e329e767b7c222be0f9
2017,35,32467,354812.4780424976,696,1.0,1,1,1,1.0,273.0,28.0,28.0,28.0,28.0,28.0,0.9375,0.3866681168028493,0.0,0.0,0.75,0.75,0.75,0a19c685ac42453094302339978fa9ed
2017,103,87223,1196397.2499278316,4780,1.0,1,1,4,4.0,600.0,49.0,49.0,48.99999725,48.99999725,49.0,0.9817198563098708,0.3953125326435081,0.0,0.0,0.8647959183673469,0.8647959183673469,0.8647959183673469,b05aa106680e4b12a43d1525013f2d1b
2017,40,30048,402478.170030665,746,1.0,1,1,1,1.0,430.0,28.0,28.0,28.0,28.0,28.0,0.9614158163265306,0.3913196142962197,0.0,0.0,0.8035714285714286,0.8035714285714286,0.8035714285714286,63d5eaf56be94458b8e613f763bb2831
2017,49,33460,446623.52493361867,1156,2.0,1,2,4,4.0,675.0,38.5,38.5,15.6205495,15.6205495,15.62,0.9425167141833658,0.3876392359633976,0.0,0.0,0.7602432778489117,0.7602432778489117,0.7602432778489117,bb02f2e974ec4c38a99092e4145e8bf4
2017,63,29240,354539.41846050345,1885,1.0,1,1,3,3.0,401.0,42.0,42.0,42.0,42.0,42.0,0.8487654320987654,0.3698877058337353,0.0,0.0,0.6111111111111112,0.6111111111111112,0.6111111111111112,cf389e224b1c48e193cdead767a1484f
2017,31,20648,287893.7443498087,538,1.0,1,1,1,1.0,154.0,28.0,28.0,28.0,28.0,28.0,0.8456632653061225,0.3693144238737143,0.0,0.0,1.3928571428571428,0.6071428571428572,0.6071428571428572,bd80654caea9486791cc785ec0644d7c
2017,29,13501,166891.61680308066,612,1.0,1,1,1,1.0,287.0,28.0,28.0,28.0,28.0,28.0,0.9375,0.3866681168028493,0.0,0.0,1.25,0.75,0.75,d0643cade41248f899bf0fcee3f7b899
2017,43,42250,403123.18774114456,1200,1.0,1,1,1,1.0,211.0,28.0,28.0,28.0,28.0,28.0,0.5634566326530611,0.3207124932416849,0.0,0.0,1.6607142857142858,0.3392857142857142,0.3392857142857142,44d955086d294ffab54685e5a0b0bf6e
2017,35,13339,139164.9593103842,1162,1.0,1,1,1,1.0,70.0,28.0,28.0,28.0,28.0,28.0,0.234375,0.2720549983785435,0.0,0.0,0.125,0.125,0.125,bd5552265d9841f191f27a8ac8565b53
2017,5,1205,7053.49495882902,96,1.0,1,1,1,1.0,100.0,28.0,28.0,28.0,28.0,28.0,0.9183673469387756,0.3829867599442122,0.0,0.0,0.7142857142857143,0.7142857142857143,0.7142857142857143,97ab32ad46f14d0da8ce050c16a9ffff
2017,59,13044,135586.51418776636,767,1.0,1,1,1,1.0,131.0,28.0,28.0,28.0,28.0,28.0,0.9795918367346941,0.39489213993026107,0.0,0.0,1.1428571428571428,0.8571428571428572,0.8571428571428572,5bc518ba102142da90fcf8d692481eb7
2017,32,3210,27898.455523912296,291,1.0,1,1,1,1.0,90.0,28.0,28.0,21.939727,21.939727,21.94,0.0,0.18124621015113526,0.0,0.0,2.256153144940748,0.0,0.0,b7c03258444e4ec5a6ffcec53f3023a7
2017,39,22925,92610.6806515234,846,1.0,1,1,1,1.0,120.0,28.0,28.0,27.386302,27.386302,27.39,0.9455725920709624,0.3882319777694971,0.0,0.0,0.7667031763417306,0.7667031763417306,0.7667031763417306,2a6a9154ef234e1789c80223e626f6c8
2017,28,41542,527699.6672936179,593,1.0,1,1,1,1.0,193.0,28.0,28.0,28.0,28.0,28.0,0.8456632653061225,0.3693144238737143,0.0,0.0,0.6071428571428571,0.6071428571428571,0.6071428571428571,ec94bfb465034c038f3196489c130685
2017,62,107646,1289175.2370244635,3001,1.0,1,1,2,2.0,274.0,35.0,35.0,34.999998,34.999998,35.0,0.8724489795918368,0.3742938692643696,0.0,0.0,0.6428571428571429,0.6428571428571429,0.6428571428571429,35d8dad08355447fa5e47793900829db
2017,54,110665,1171542.145175869,2108,1.0,1,1,2,2.0,398.0,35.0,35.0,34.999998,34.999998,35.0,0.91,0.3813878154605241,0.0,0.0,0.7,0.7,0.7,0eca0dfdf0424572a8b5f80564043a94
2017,34,45511,653864.3587199175,817,1.0,1,1,1,1.0,223.0,28.0,28.0,28.0,28.0,28.0,0.0,0.2419707245191433,0.0,0.0,0.0,0.0,0.0,95a5a7b59db34ac5ba8c7e9dcf1a1632
2017,20,11190,123142.81445272069,927,1.0,1,1,1,1.0,143.0,28.0,28.0,28.0,28.0,28.0,0.7318239795918369,0.3488802484162101,0.0,0.0,0.4821428571428572,0.4821428571428572,0.4821428571428572,9ec47e412282431fafc7d0a28944bf9a
2017,34,11342,256512.06105028503,675,1.0,1,1,2,2.0,200.0,35.0,35.0,34.999998,34.999998,35.0,0.18999999999999995,0.2660852498987548,0.0,0.0,0.1,0.09999999999999998,0.09999999999999998,be09e594e2a942aeb241dd7a5d2672cd
2017,4,2496,34639.431702738475,50,1.0,1,1,1,1.0,200.0,35.0,35.0,22.6876705,22.6876705,22.69,0.0,0.2419707245191433,0.0,0.0,0.0,0.0,0.0,d9289245e9084f7ea9b60d32ea618733
2017,30,37297,289291.21898542217,1122,2.0,1,2,2,2.0,255.0,28.0,28.0,17.1068495,17.1068495,17.105,0.3673683213051838,0.2907607913956057,0.0,0.0,0.20461853259280915,0.20461853259280915,0.20461853259280915,ab5892c51070427e8757ae731cc01054
2017,178,30916,280345.4459768606,2149,1.0,1,1,2,2.0,296.0,35.0,35.0,34.999998,34.999998,35.0,0.0,0.18264908538902191,0.0,0.0,2.25,0.0,0.0,56951ee5f4674aa9ac0a0b6581506928
2017,40,43033,474300.35274953727,2022,1.0,1,1,2,2.0,350.0,35.0,35.0,34.999998,34.999998,35.0,0.18999999999999995,0.2660852498987548,0.0,0.0,0.1,0.09999999999999998,0.09999999999999998,2a5b52de8d6c41d5a631a0f60f9485d5
2017,57,13710,130566.88690834967,807,1.0,1,1,1,1.0,130.0,28.0,28.0,28.0,28.0,28.0,0.9461096938775512,0.3883362518186331,0.0,0.0,0.7678571428571429,0.7678571428571429,0.7678571428571429,6d8a5352eae74956a4aff69713d069ed
2017,46,48892,805658.2179681467,1094,1.0,1,1,1,1.0,124.0,28.0,28.0,28.0,28.0,28.0,0.41039540816326536,0.2970838582202445,0.0,0.0,0.23214285714285715,0.2321428571428572,0.2321428571428572,2239bbe8076f4e8aa046844efd469406
2017,44,17591,216942.27593171643,923,1.0,1,1,1,1.0,222.0,28.0,28.0,28.0,28.0,28.0,0.1377551020408163,0.25922445209057304,0.0,0.0,0.07142857142857142,0.0714285714285714,0.0714285714285714,e0c6827e341c44bc8955dc6acfbb35ed
2017,67,50542,999769.5761166244,1837,1.0,1,1,2,2.0,211.0,35.0,35.0,34.999998,34.999998,35.0,0.91,0.3813878154605241,0.0,0.0,0.7,0.7,0.7,d37ed2ba3ef943e092fa2e55699e9083
2017,38,12578,147794.06292188095,612,1.0,1,1,1,1.0,205.0,28.0,28.0,28.0,28.0,28.0,0.7130102040816326,0.3456137589168997,0.0,0.0,0.4642857142857143,0.4642857142857143,0.4642857142857143,e03e4c946f0c463ea16b0aff6b65b8da
2017,8,4634,39897.40610645552,133,2.0,1,2,2,2.0,319.0,28.0,28.0,6.213699,6.213699,6.21,0.0,0.2419707245191433,0.0,0.0,0.0,0.0,0.0,6c44c1688bfc4daaae1eac300e32273e
2017,32,8665,184285.89570940039,276,1.0,1,1,1,1.0,197.0,28.0,28.0,28.0,28.0,28.0,0.9948979591836736,0.3979258674986881,0.0,0.0,1.0714285714285714,0.9285714285714286,0.9285714285714286,25fe9b95b1964cc78e5f82efdaf92dba
2017,101,94850,1419682.5539414173,4708,1.0,1,1,4,4.0,468.0,49.0,49.0,48.99999725,48.99999725,49.0,0.7102704602249064,0.3451406364630739,0.0,0.0,0.4617346938775511,0.4617346938775511,0.4617346938775511,31338666a14944f9a799228de74c367f
2017,5,395,3537.9024239867604,27,1.0,1,1,2,2.0,257.0,42.0,42.0,42.0,42.0,42.0,0.0,0.2419707245191433,0.0,0.0,0.0,0.0,0.0,889cfee7665d43a884f76d39b49f9027
2017,45,56821,528645.4264998862,747,1.0,1,1,1,1.0,200.0,28.0,28.0,28.0,28.0,28.0,0.3826530612244898,0.29299140566623194,0.0,0.0,0.21428571428571427,0.2142857142857143,0.2142857142857143,ec08386a71a94dd6860e0771cf1d796d
2017,11,1906,19911.232562895177,150,1.0,1,1,1,1.0,80.0,28.0,28.0,28.0,28.0,28.0,0.9375,0.3866681168028493,0.0,0.0,0.75,0.75,0.75,42692eb78110424c88be75ea3a58a627
2017,29,18406,215923.49404151386,397,1.0,1,1,1,1.0,155.0,28.0,28.0,28.0,28.0,28.0,0.8966836734693878,0.3788569080649409,0.0,0.0,0.6785714285714286,0.6785714285714286,0.6785714285714286,fa8493f1d80941a4b1f203ef3777dc1d
2017,58,162786,1520194.2488807382,4524,1.0,1,1,3,3.0,331.0,42.0,42.0,42.0,42.0,42.0,0.8425296044343663,0.36873622388294,0.0,0.0,0.6031746031746031,0.6031746031746031,0.6031746031746031,4664f205401b4dda87593ef20567993e
2017,105,234311,2899226.0530374967,7734,1.0,1,1,6,6.0,1027.0,63.0,63.0,53.42376583333333,53.42376583333333,53.42333333333334,0.982037611711182,0.3953753439792632,0.0,0.0,1.1340238347788107,0.8659761652211893,0.8659761652211893,357b78eb53ba4e04b305e1c70e1a997a
2017,78,44668,698427.4053208657,2029,1.0,1,1,2,2.0,197.0,35.0,35.0,34.999998,34.999998,35.0,0.8824489795918368,0.3761700250916031,0.0,0.0,0.6571428571428571,0.6571428571428571,0.6571428571428571,f3966a719de845ae8fb9d9b98c0827c4
2017,40,59645,889435.4870925836,1801,1.0,1,1,2,2.0,296.0,35.0,35.0,34.999998,34.999998,35.0,0.26530612244897944,0.2762951855345007,0.0,0.0,0.14285714285714285,0.1428571428571428,0.1428571428571428,4ce8ebfe73e349968050bbff14297c69
2017,38,36315,444629.1932464175,1150,1.0,1,1,1,1.0,210.0,28.0,28.0,28.0,28.0,28.0,0.20280612244897955,0.2677944763458458,0.0,0.0,0.10714285714285714,0.1071428571428571,0.1071428571428571,d1dde8344e1042fe932917f4434ca43f
2017,31,7266,61552.70983100165,260,1.0,1,1,1,1.0,251.0,28.0,28.0,28.0,28.0,28.0,0.75,0.3520653267642995,0.0,0.0,0.5,0.5,0.5,e8257f6026724341844403f82a2779e4
2017,38,20059,289614.1625075823,1194,1.0,1,1,1,1.0,215.0,28.0,28.0,28.0,28.0,28.0,0.17059948979591846,0.2635166333548363,0.0,0.0,0.08928571428571429,0.0892857142857143,0.0892857142857143,ce6903057f6b4e679e2ba308ee70d39d
2017,31,10753,207191.47288701433,871,1.0,1,1,1,1.0,127.0,28.0,28.0,28.0,28.0,28.0,0.17059948979591846,0.2635166333548363,0.0,0.0,0.08928571428571429,0.0892857142857143,0.0892857142857143,74893709ade240ceb8468bf18d7d34c6
2017,61,22411,314275.5616107676,2128,1.0,1,1,2,2.0,300.0,35.0,35.0,34.999998,34.999998,35.0,0.4375,0.30113743215480443,0.0,0.0,0.25,0.25,0.25,abc42cee3ed44aeda57c9e7541367b89
2017,33,51104,729908.0731561785,928,2.0,1,2,2,2.0,698.0,28.0,28.0,24.0876715,24.0876715,24.09,0.2871005212396228,0.2793224938972516,0.0,0.0,0.15566625155666253,0.15566625155666247,0.15566625155666247,0ed4563b3dbc4749828a460c02d0e9a4
2017,106,176264,1524174.3788830948,5718,1.0,1,1,3,3.0,568.0,42.0,42.0,42.0,42.0,42.0,0.6118512219702696,0.3285675198763269,0.0,0.0,0.37698412698412703,0.37698412698412703,0.37698412698412703,30c0ed7b5d2146a281f08f1b7af8f3a2
2017,68,71335,956200.3918716472,3181,1.0,1,1,3,3.0,545.0,42.0,42.0,34.27762833333333,34.27762833333333,34.276666666666664,0.7791009141291719,0.3572254885008835,0.0,0.0,0.5300009724788486,0.5300009724788486,0.5300009724788486,10c26c38a82f4c57bc232916b478ae0e
2017,16,2562,17179.356053276657,122,1.0,1,1,1,1.0,120.0,28.0,28.0,22.936987,22.936987,22.94,0.3802041488010497,0.2926328700699481,0.0,0.0,1.7872711421098515,0.21272885789014828,0.21272885789014828,fae3a3a54c0346b38b3aa4159d0d165c
2017,59,220066,2247149.5943354946,4891,1.0,1,1,3,3.0,736.0,42.0,42.0,42.0,42.0,42.0,0.7770061728395061,0.3568515368778029,0.0,0.0,0.5277777777777778,0.5277777777777778,0.5277777777777778,2189e1550ef74394a84a7a2065b1671a
2017,72,90524,1195537.5483621412,3398,1.0,1,1,3,3.0,405.0,42.0,42.0,42.0,42.0,42.0,0.6456916099773242,0.3341742457373292,0.0,0.0,0.4047619047619048,0.4047619047619048,0.4047619047619048,dd456a924dfb40b3b670c6b9adc68683
2017,26,6090,104905.98340228763,404,1.0,1,1,1,1.0,206.0,28.0,28.0,26.542466,26.542466,26.54,0.3103617465553693,0.28259015122383624,0.0,0.0,0.16955538809344387,0.16955538809344384,0.16955538809344384,1252e302e1bc48a3a9ce965b488552a1
2017,37,44792,546641.0642994281,1585,1.0,1,1,2,2.0,326.0,35.0,35.0,34.999998,34.999998,35.0,0.5867346938775511,0.32446708327726576,0.0,0.0,0.35714285714285715,0.3571428571428572,0.3571428571428572,3c99b4bb5a38421889b7d149d383c5a5
2017,5,2610,27988.42064960481,83,1.0,1,1,1,1.0,512.0,28.0,28.0,8.361644,8.361644,8.36,0.0,0.2419707245191433,0.0,0.0,0.0,0.0,0.0,7c139aad4e28440e96cfd05c4169de9c
2017,8,11126,138578.23627289018,237,1.0,1,1,1,1.0,730.0,28.0,28.0,28.0,28.0,28.0,0.0,0.2419707245191433,0.0,0.0,0.0,0.0,0.0,defa8eadb83f4befb51680d551078210
2017,53,51847,717724.941343743,1600,1.0,1,1,2,2.0,357.0,35.0,35.0,26.5616425,26.5616425,26.56,0.599429202124764,0.32653310816580183,0.0,0.0,0.3670933734939759,0.3670933734939759,0.3670933734939759,97e7924f4386472981ba1197f78abe08
2017,38,33924,512428.4002362796,1168,1.0,1,1,2,2.0,256.0,35.0,35.0,23.2821905,23.2821905,23.28,0.0,0.2419707245191433,0.0,0.0,0.0,0.0,0.0,01791e200ae94f319bbd68e6635959d5
2017,7,1736,26217.9519750941,116,1.0,1,1,1,1.0,110.0,28.0,28.0,9.665754,9.665754,9.67,0.5928847414524179,0.3254663628934644,0.0,0.0,0.3619441571871768,0.3619441571871769,0.3619441571871769,64a8cafe399848238a01b5a229d0b30a
2017,17,548,3128.1234879690714,44,1.0,1,1,1,1.0,30.0,28.0,28.0,5.216438,5.216438,5.22,0.0,0.004135412132674773,0.0,0.0,4.022988505747127,0.0,0.0,0a48edd740b74b7484087f356c097074
2017,4,2031,27580.73125009541,148,1.0,1,1,2,2.0,360.0,35.0,35.0,2.589041,2.589041,2.59,0.0,0.2419707245191433,0.0,0.0,0.0,0.0,0.0,2e1bd82829c24784939b3d70a316325d
2017,3,772,8595.374345734115,24,1.0,1,1,2,2.0,254.0,35.0,35.0,5.408219,5.408219,5.41,0.0,0.2419707245191433,0.0,0.0,0.0,0.0,0.0,a8894d56eb6a4bd9a77b760fd0c2e1ad
2017,112,408835,5626825.049554613,18883,9.0,9,9,22,22.0,4968.0,43.75,43.75,34.59725983333333,34.59725983333333,34.59708333333334,0.8713424063588453,0.3740868347558621,0.0,0.0,0.6413112858742909,0.6413112858742909,0.6413112858742909,f4b0e2f6523346bea443a7ee4bbea13a
2017,55,80674,835850.5199433418,2145,2.0,2,2,3,3.0,998.0,32.666666666666664,32.666666666666664,28.703195,28.703195,28.70333333333333,0.6943044023289168,0.3423963372552834,0.0,0.0,0.4471025432586227,0.4471025432586225,0.4471025432586225,6bc67f32fcbc479c8fd27d757a996973
2017,129,13592884,170915785.4195429,181830,29.0,4,29,145,145.0,35456.0,56.94482758620689,59.04482758620689,53.82224035862069,55.92224035862069,55.92220689655172,0.7878654112561959,0.3587943744981672,0.0,0.0,0.5394192918241104,0.5394192918241104,0.5394192918241104,2829f6d92dcc49129cd060a7fe6ef582
2017,163,3490209,53474308.63127651,122575,26.0,1,26,86,86.0,18097.0,47.534883720930225,47.55232558139535,47.4340870116279,47.45152887209301,47.45151162790698,0.8055872983573982,0.36198775850018783,0.0,0.0,0.5590774425790831,0.5590774425790831,0.5590774425790831,7d74349816fb487ca361f054c2fe85e7
2017,159,1855728,24548127.165647525,81601,21.0,11,21,77,77.0,15637.0,50.68354430379746,51.018987341772146,43.37596620253164,43.71140924050633,43.711392405063286,0.7398799138946346,0.3502883606076005,0.0,0.0,0.4899803081200047,0.4899803081200047,0.4899803081200047,907f03d7d7644f20aac5de28232f31f7
2017,63,316228,3526429.1613226705,7765,11.0,1,11,15,15.0,3806.0,31.73333333333333,31.73333333333333,25.32785313333333,25.32785313333333,25.327333333333332,0.9940072163583134,0.39774868215251097,0.0,0.0,0.9225869284830616,0.9225869284830616,0.9225869284830616,71cfad243bda45bb98d9bbeecb8b5f83
2017,106,702102,7553760.755847857,38702,15.0,10,15,28,28.0,4411.0,38.0,38.0,37.9999985,37.9999985,38.0,0.6872835872576177,0.34119649377473665,0.0,0.0,0.4407894736842105,0.4407894736842105,0.4407894736842105,e0f2ac9a979443588c1d05aa7a30ecc2
2017,63,106272,1257234.8355825043,2005,3.0,1,3,3,3.0,1122.0,28.0,28.0,28.0,28.0,28.0,0.6167800453514739,0.32937824408225186,0.0,0.0,0.3809523809523809,0.3809523809523809,0.3809523809523809,28998940092f4dd1b1a5377487f9e7f9
2017,84,53492,790366.6074965305,2548,3.0,1,3,3,3.0,1380.0,28.0,28.0,28.0,28.0,28.0,0.8313137755102041,0.3666741699953168,0.0,0.0,0.5892857142857143,0.5892857142857143,0.5892857142857143,c4a3a022175d470c8d72b5d53ea0f9f2
2017,17,2588,30645.72827723392,631,1.0,1,1,1,1.0,49.0,35.0,35.0,26.5616425,26.5616425,26.56,0.0,0.2419707245191433,0.0,0.0,0.0,0.0,0.0,28d4e5557a2844e4a1d40a4c4d477b7a
2017,52,107053,1685597.3095405442,4301,2.0,1,2,4,4.0,980.0,35.0,35.0,34.999998,34.999998,35.0,0.8101530612244898,0.36281507760965503,0.0,0.0,0.5642857142857143,0.5642857142857143,0.5642857142857143,6631aea2889f4b1190d4fc0d77d2c84c
2017,256,3552429,55019521.80418829,89755,12.0,1,12,67,67.0,13272.0,58.691176470588225,58.772058823529406,58.69116997058825,58.77205232352941,58.772058823529406,0.9997929972787242,0.3989009914693624,315.0,315.0,0.985612410859502,0.985612410859502,0.985612410859502,d0f06f27707f43099a44998d62886cc3
2017,227,3873503,56111196.71846438,115161,16.0,8,16,83,83.0,16761.0,57.686746987951814,57.81325301204818,56.05083390361445,56.17733992771085,56.17734939759036,0.9918002817514728,0.39731002155510137,0.0,0.0,0.9094477043442454,0.9094477043442454,0.9094477043442454,886777b82d0f4266bf8dd904f687d639
2017,44,69217,885226.0574876134,2177,1.0,1,1,2,2.0,649.0,35.0,35.0,34.999998,34.999998,35.0,0.9183673469387754,0.3829867599442122,0.0,0.0,1.2857142857142858,0.7142857142857142,0.7142857142857142,8cb9a2fd385b4672af13eac2f5f447cd
2017,112,310213,3596285.42973315,9650,2.0,2,2,6,6.0,1192.0,44.33333333333334,44.5,44.33333083333333,44.4999975,44.5,0.9370309584928952,0.3865774457372608,0.0,0.0,0.7490636704119851,0.7490636704119851,0.7490636704119851,e5e73bab34d44705a4b3800a3e37165b
2017,144,1614409,22550141.82875679,57121,10.0,1,10,45,45.0,8385.0,54.22222222222222,54.5,54.22221713333333,54.49999491111111,54.5,0.9989492092884064,0.3987327330325064,108.5,108.5,0.9675840978593272,0.9675840978593272,0.9675840978593272,2ea8504a414d490ca3414d4cd9206628
2017,285,44886313,863084853.0287582,902352,88.0,5,88,645,645.0,147202.0,57.87441860465115,57.92248062015504,56.71010750387599,56.75816951937986,56.34572093023258,0.9980166951911286,0.3985468644198495,2348.0,2082.0,1.044534310468126,0.955465689531874,0.955465689531874,43c2fe19b54043e8b0207f1efb3c5ae6
2017,68,142415,1322246.5517861063,3181,4.0,3,4,4,4.0,642.0,28.0,28.0,22.9561645,22.9561645,22.955,0.35364143980430873,0.2887720046982546,0.0,0.0,0.19603572206490968,0.1960357220649096,0.1960357220649096,f2f90bbce59d4cbcaeeec02e765df91d
2017,67,64726,623034.699642534,2556,2.0,2,2,3,3.0,540.0,32.666666666666664,32.666666666666664,32.66666533333333,32.66666533333333,32.666666666666664,0.7019731361932529,0.3437117306874738,0.0,0.0,0.4540816326530612,0.4540816326530612,0.4540816326530612,d0fa1c05568947c9994c334b72f4266b
2017,147,233506,2168644.651025013,14026,2.0,1,2,10,10.0,2282.0,56.7,56.75,53.846302,53.89630200000001,53.896,0.896417684423102,0.3788065255214889,0.0,0.0,0.6781579337984266,0.6781579337984266,0.6781579337984266,006a948442764cb1b02b3420411b69f8
2017,126,943251,12290351.794519026,23230,6.0,4,6,18,18.0,3254.0,47.444444444444436,47.47222222222222,46.26818733333334,46.295965111111116,46.29611111111111,0.926885418268516,0.3846213927227037,0.0,0.0,0.7296029184116737,0.7296029184116737,0.7296029184116737,725834ddc1c44746814963bb154980cc
2017,252,22944294,424096182.5259745,491312,49.0,1,49,369,369.0,77541.0,58.99728997289972,59.34417344173442,58.14708930623309,58.493972775067775,58.4939837398374,0.999996854651832,0.3989416529957407,1203.7,1203.7,0.9982264870544676,0.9982264870544676,0.9982264870544676,24c5d7766a824e0ca12ed23a5117d243
2017,132,1870604,25687274.020692185,42169,12.0,4,12,37,37.0,6557.0,44.64864864864865,44.689189189189186,39.60533086486487,39.64587140540541,39.645945945945954,0.9946693775437156,0.3978803908238335,76.0,76.0,1.0730111118685663,0.9269888881314337,0.9269888881314337,232639c78775497aa1eb0eb55b487d59
2017,257,7636805,133038821.92963524,213591,26.0,10,26,152,152.0,30883.0,59.342105263157904,59.37171052631579,58.00798559210526,58.03759085526315,58.037631578947384,0.9999933669981926,0.3989409573111933,364.0,364.0,0.9974245385253668,0.9974245385253668,0.9974245385253668,5fab0fe5045c4154a2e187f0f775da0e
2017,115,556902,8221171.110780694,31493,5.0,1,5,21,21.0,3627.0,50.52173913043478,50.69565217391305,47.72840830434782,47.90232134782609,47.90217391304348,0.8870661806317269,0.3770394546036839,0.0,0.0,0.6639437258906286,0.6639437258906286,0.6639437258906286,8ea34140265c4457a488d94badf97230
2017,447,3147190,62188861.39885394,99787,14.0,6,14,71,71.0,11564.0,53.59154929577465,53.59154929577465,52.72467363380282,52.72467363380282,56.471126760563386,0.9987798966420092,0.3986989792141461,269.5,535.5,1.0349299779271472,0.9650700220728528,0.9650700220728528,209d12d0302b416eb2688fd381ef661d
2017,275,666605,12543315.514312133,21311,5.0,3,5,17,17.0,1897.0,48.58823529411765,48.58823529411765,48.22724094117648,48.22724094117648,48.227058823529404,0.9977787633069476,0.3984994537368408,0.0,0.0,1.0471299978045032,0.9528700021954968,0.9528700021954968,fa6f263a7b864d8b9e46a4ac7f383ed5
2017,226,3250391,62501690.22905921,80865,10.0,2,10,53,53.0,11946.0,59.24528301886792,59.33018867924528,58.90658967924529,58.99149533962265,58.99150943396226,0.9825468228694744,0.39547602156369055,0.0,0.0,0.8678895267947098,0.8678895267947098,0.8678895267947098,06e7862032dc40a6a401afce44e1b2c7
2017,104,406243,6655085.653190598,16424,5.0,1,5,15,15.0,2369.0,42.0,42.0,40.158905,40.158905,40.15866666666667,0.9999411775833766,0.3989305471994642,0.0,0.0,1.0076695773432054,0.9923304226567946,0.9923304226567946,62d7598b86c54666887525d30f20b75d
2017,99,1112044,16804213.57440642,47998,14.0,2,14,40,40.0,7404.0,44.45,44.55,42.01054655,42.11054655,42.1105,0.7345036140767492,0.3493479974677409,0.0,0.0,0.4847365858871303,0.4847365858871302,0.4847365858871302,b07a290acf0c4cebaae854c8ed24f45a
2017,41,10690,106946.60624238668,983,6.0,6,6,7,7.0,1019.0,29.75,29.75,17.888355625,17.888355625,17.88875,0.9928394179936896,0.3975165048129125,0.0,0.0,0.9153797777933058,0.9153797777933058,0.9153797777933058,3f0fc7ff893946d8bc51612db93b8a59
2017,322,14130919,266937658.01637003,255969,34.0,4,34,196,196.0,41224.0,57.63265306122449,57.69132653061224,56.36386798469388,56.42254145408163,56.42204081632653,0.9970633658568494,0.3983569364809463,391.6,391.5,1.054190720083337,0.9458092799166632,0.9458092799166632,6fca60bab4f644a694dc0f56f61d1a18
2017,76,284853,3320069.796131747,12739,5.0,1,5,13,13.0,1898.0,40.92307692307692,40.92307692307692,32.110010076923075,32.110010076923075,32.11,0.6859458577891101,0.3409683557778353,0.0,0.0,0.4395946625781568,0.4395946625781568,0.4395946625781568,dd4f47e38db84c0da237d9bafbed8305
2017,162,1165972,11507860.691835186,64198,17.0,3,17,67,67.0,11509.0,50.77611940298507,50.93283582089552,26.32836402985075,26.4850804477612,26.48507462686568,0.8610342775112916,0.3721637272765427,0.0,0.0,0.6272189349112425,0.6272189349112425,0.6272189349112425,3ca6cad580744461a6419d9acc824c43
2017,65,230928,3117881.8675828762,15797,7.0,5,7,19,19.0,2276.0,40.526315789473685,40.526315789473685,29.043691947368426,29.043691947368426,29.04315789473684,0.8362201893723021,0.3675748018770896,0.0,0.0,0.5953028161356965,0.5953028161356965,0.5953028161356965,f7b43c05cd474ed78ad98c10d1ba994a
2017,65,89739,1829098.957219969,5677,4.0,2,4,6,6.0,912.0,32.666666666666664,32.666666666666664,29.75159683333333,29.75159683333333,29.75166666666667,0.5134994156324884,0.3128007647727093,0.0,0.0,0.3025040613971205,0.3025040613971206,0.3025040613971206,a6e4aa1752db4645a19a29899835ee6c
2017,175,3512687,46969210.32736077,61976,10.0,6,10,46,46.0,9802.0,54.6304347826087,54.79347826086956,53.95503726086956,54.11808073913043,54.11826086956522,0.9964626978082524,0.3982373143033099,35.0,35.0,1.0594752233434026,0.9405247766565974,0.9405247766565974,224d0c2c61c3466ea4889571e18ed2a8
2017,147,1427308,12370016.400908867,51178,13.0,2,13,50,50.0,8037.0,50.12,50.39,46.40712476,46.67712476,46.6774,0.8673975112594923,0.3733496953187097,0.0,0.0,0.6358537536366636,0.6358537536366636,0.6358537536366636,29507f40f06046f0ba8438236931ec69
2017,127,1465795,16195627.60204697,23610,4.0,3,4,16,16.0,3241.0,50.55555555555557,50.55555555555557,49.5753408888889,49.5753408888889,49.57555555555553,0.9829969341990806,0.3955650356988293,3.5,3.5,0.869604195616119,0.869604195616119,0.869604195616119,fe80bbcb18504862af9af485dfb5a3fd
2017,69,161374,1692803.4712015416,5553,4.0,1,4,9,9.0,953.0,37.333333333333336,37.333333333333336,37.333332,37.333332,37.333333333333336,0.9352479272959184,0.3862329594946081,0.0,0.0,0.7455357142857143,0.7455357142857143,0.7455357142857143,0d797c6f7058437eb60146903671e4b7
2017,131,302313,4300079.831789257,10165,2.0,2,2,9,9.0,1746.0,52.88888888888889,53.33333333333334,52.88888766666667,53.333332111111105,53.33333333333334,0.8441395399305556,0.36903316414835424,0.0,0.0,0.6052083333333333,0.6052083333333333,0.6052083333333333,1a3f40e662314a17909915effa5c1c4c
2017,184,2506344,47351830.84487537,79679,9.0,1,9,51,51.0,9983.0,56.66666666666666,56.68627450980392,56.30942294117647,56.329030784313716,56.32901960784314,0.9998929731181034,0.3989209321984817,99.5,99.5,1.010345379736701,0.9896546202632992,0.9896546202632992,ffd4e02796d64f90ac29f3db1f7a447c
2017,53,65204,1141123.3460581058,4711,4.0,4,4,8,8.0,1327.0,36.75,36.75,27.280823125,27.280823125,27.28,0.35891449612092696,0.2895343647702564,0.0,0.0,0.1993218475073313,0.1993218475073314,0.1993218475073314,bb2af7d11d104919b5bcbf915464c6c9
2017,109,850810,12363391.697548505,18287,5.0,4,5,23,23.0,5655.0,56.60869565217392,57.06521739130435,40.17392030434783,40.63044204347826,40.630434782608695,0.6434587469629942,0.3338013712636401,0.0,0.0,0.4028892455858748,0.4028892455858748,0.4028892455858748,989a27a2c313413cb6da567d0527f509
2017,191,117861,1049964.201491493,7493,4.0,1,4,5,5.0,517.0,30.8,30.8,30.0175336,30.0175336,30.018,0.9395237887804552,0.3870595821285026,0.0,0.0,1.2459191151975482,0.7540808848024518,0.7540808848024518,521a4707f638477aa5af9c7c2ccb7387
2017,95,389894,4873857.40254098,16900,3.0,1,3,13,13.0,1877.0,51.69230769230769,51.92307692307693,51.692306,51.92307523076924,51.92307692307693,0.7917936899862825,0.3594997891926786,0.0,0.0,0.5437037037037037,0.5437037037037037,0.5437037037037037,f46747ca12854c7e982898bc70df1e5e
2017,142,51354,1537092.858691628,7638,19.0,1,19,20,20.0,6265.0,28.7,28.7,14.7,14.7,14.7,0.9668859040214726,0.3923913555612784,23.5,23.5,1.1819727891156462,0.8180272108843538,0.8180272108843538,c2a3b77e628c4441bf9eae9b47ae6ad2
2017,125,209487,2247613.3980159885,11562,3.0,2,3,8,8.0,1129.0,42.0,42.0625,41.999997625,42.062497625,42.0625,0.6911745549523214,0.3418609321596513,0.0,0.0,0.4442793462109955,0.4442793462109955,0.4442793462109955,0acae5165a2a48deb3fe13e05bbc37e8
2017,183,420368,5793423.585043551,10061,2.0,1,2,9,9.0,1496.0,52.88888888888889,52.944444444444436,52.88888766666667,52.944443222222226,52.944444444444436,0.999514428947522,0.3988454347467838,23.0,23.0,1.0220356768100731,0.9779643231899268,0.9779643231899268,9137e399bf7e4a4b9c087a7fb7ecf93f
2017,229,8228824,144623709.1000413,176862,13.0,1,13,113,113.0,24740.0,56.78761061946904,56.93805309734513,53.301944212389394,53.45238669026549,53.452389380530974,0.9960444969396679,0.3981540514133943,32.5,32.5,1.062892790209466,0.937107209790534,0.937107209790534,2c88e48613124ff8b299ef45622251b0
2017,220,5694914,97135503.25473636,98489,8.0,1,8,62,62.0,13364.0,55.41935483870968,55.45161290322582,55.41933998387096,55.4515980483871,55.45161290322582,0.9746395764614152,0.3939155451886696,0.0,0.0,1.1592495636998257,0.8407504363001745,0.8407504363001745,850913834a264c3db00a9ba53e811687
2017,254,2055933,35390997.33773876,44467,3.0,1,3,26,26.0,6056.0,56.07692307692307,56.07692307692307,56.076915,56.076915,56.07692307692307,0.9976286172877142,0.3984695383064529,77.0,77.0,1.0486968449931413,0.9513031550068588,0.9513031550068588,cc9a6888d87f43798f02e15830dcc854
2017,1,90,682.4048539700693,8,1.0,1,1,1,1.0,420.0,28.0,28.0,28.0,28.0,28.0,0.0,0.2419707245191433,0.0,0.0,0.0,0.0,0.0,cf38566eb6b944b4887559d40719c709
2017,96,491288,6172225.7328518685,19395,4.0,1,4,15,15.0,2396.0,48.53333333333333,48.7,48.5333326,48.69999926666666,48.7,0.8087060281908681,0.3625526698480783,0.0,0.0,0.5626283367556468,0.5626283367556468,0.5626283367556468,432f22904703462da50bd4f0f6d00c47
2017,100,53637,563870.1555822735,3400,4.0,2,4,4,4.0,310.0,28.0,28.0,28.0,28.0,28.0,0.8787468112244898,0.3754743467859841,0.0,0.0,0.6517857142857143,0.6517857142857143,0.6517857142857143,77d6b35c04434d9fabd57143294a3587
2017,43,221884,1886880.332785386,4546,4.0,1,4,7,7.0,899.0,34.0,34.0,33.999998285714284,33.999998285714284,34.0,0.8870136289810041,0.3770295477109769,0.0,0.0,0.6638655462184874,0.6638655462184874,0.6638655462184874,b3bd8d95078b4a7390ecfee82564a4c8
2017,106,858976,10791174.72538228,34468,6.0,1,6,27,27.0,4580.0,53.407407407407405,53.685185185185176,52.76671940740741,53.044497185185186,53.044444444444466,0.8698423843125656,0.37380637069489947,0.0,0.0,0.6392263650328166,0.6392263650328166,0.6392263650328166,a2f0efec539142e6b95357c1e8cd7d16
2017,86,256211,3092528.1308048423,13192,4.0,1,4,16,16.0,2446.0,49.875,50.0625,29.2681525625,29.4556525625,29.455,0.8111934494444584,0.36300386097378096,0.0,0.0,0.565481242573417,0.565481242573417,0.565481242573417,94529f075e814681a3815eaf2786f496
2017,31,30540,358011.00188775617,976,2.0,1,2,2,2.0,566.0,28.0,28.0,28.0,28.0,28.0,0.5867346938775511,0.32446708327726576,0.0,0.0,0.35714285714285715,0.3571428571428572,0.3571428571428572,9705f083bc9c4cf89e9eac3f3954ceee
2017,83,36348,358665.2862810182,3567,2.0,1,2,4,4.0,550.0,35.0,35.0,34.999998,34.999998,35.0,0.3075382653061224,0.2821914886974887,0.0,0.0,0.16785714285714284,0.16785714285714282,0.16785714285714282,ebb2c9aba5cb44c4808648b4f40d979d
2017,275,369140,3744547.257843968,19700,3.0,1,3,13,13.0,2230.0,52.769230769230774,53.03846153846154,52.769230769230774,53.03846153846154,53.03846153846154,0.7646448514730172,0.3546527605587773,0.0,0.0,0.5148658448150834,0.5148658448150834,0.5148658448150834,f5e1e8b17e104556a6f5a397bb34367b
2017,152,348254,4375546.384433116,9845,3.0,1,3,7,7.0,1413.0,42.0,42.0,41.99999785714285,41.99999785714285,42.0,0.9749843815077052,0.3939834630770056,0.0,0.0,0.8418367346938775,0.8418367346938775,0.8418367346938775,cba2e1fbe82149a3b1df5627ded705e7
2017,219,370968,8023745.873920738,14671,2.0,1,2,9,9.0,1262.0,52.88888888888889,52.88888888888889,52.88888766666667,52.88888766666667,52.88888888888889,0.9996016789068568,0.3988628347502997,0.0,0.0,0.9800420168067226,0.9800420168067226,0.9800420168067226,ff3a65759b8b496dbcaf513c82f6a84a
2017,133,818645,13012817.063792825,9057,1.0,1,1,6,6.0,1892.0,63.0,63.25,63.0,63.25,63.25,0.9956603324879659,0.3980775804415597,0.0,0.0,1.0658761528326746,0.9341238471673254,0.9341238471673254,10453a94c4f8449889994aab510fb0ae
2017,2,85,735.2608949605734,10,2.0,1,2,2,2.0,270.0,30.8,30.8,5.8684932,5.8684932,5.8698904,0.0,0.2419707245191433,0.0,0.0,0.0,0.0,0.0,ac73764a7c5348e7806742592230c35b
2017,146,3477998,44587064.15824972,84356,12.0,2,12,62,62.0,10127.0,57.806451612903224,57.95967741935484,57.58373943548386,57.73696524193547,57.736935483870965,0.9957155921038642,0.39808857940060494,0.0,0.0,1.0654553885951017,0.9345446114048984,0.9345446114048984,7b650e21950048aaacc518efe92d9278
2017,49,43549,646429.2641256943,1564,2.0,2,2,3,3.0,531.0,30.8,30.8,13.3249314,13.3249314,13.325999999999999,0.4563067994465845,0.3039825035082567,0.0,0.0,0.2626444544499475,0.26264445444994755,0.26264445444994755,f2784d6f91394d33a25c9621f1723ff9
2017,87,161756,1715373.2505829544,5969,2.0,1,2,7,7.0,1137.0,46.0,46.14285714285714,28.432876142857147,28.57573328571429,28.575714285714287,0.7372688027706207,0.3498313380891637,0.0,0.0,0.4874268859671049,0.4874268859671049,0.4874268859671049,c3e2f3c16782413c8feb7434786115f2
2018,11,910,4795.0324227080855,460,1.0,1,1,1,1.0,99.0,28.0,28.0,25.545206,25.55,25.55,0.0,0.010273180268933636,0.0,0.0,3.705283757338552,0.0,0.0,76382ae1c66e41caad2f42777417b967
2018,36,23037,298094.06394225825,831,1.0,1,1,1,1.0,289.0,28.0,28.0,28.0,28.0,28.0,1.0,0.3989422804014327,0.0,0.0,1.0,1.0,1.0,086b6c0fdc964368a2057cd13c512922
2018,254,492256,5617714.432769367,9833,1.0,1,1,7,7.0,1486.0,63.0,64.0,63.0,64.0,64.0,0.9937843670280612,0.39770436560782174,0.0,0.0,0.9211607142857144,0.9211607142857144,0.9211607142857144,bacde60f6ec54a96b47e33b2f17c0baf
2018,35,43369,632739.6481859285,1256,1.0,1,1,1,1.0,154.0,28.0,28.0,28.0,28.0,28.0,0.95484375,0.3900358354912581,0.0,0.0,1.2125,0.7874999999999999,0.7874999999999999,75984adcf0084fe9bd265a8c5b074eea
2018,72,95463,764061.6884091095,2271,1.0,1,1,2,2.0,418.0,35.0,35.0,34.999998,35.0,35.0,0.0,0.15213243732163445,0.0,0.0,2.3885714285714283,0.0,0.0,8f8557d0d5f242358518322117daeef6
2018,50,53661,598633.3058410768,1625,1.0,1,1,2,2.0,260.0,35.0,35.0,34.999998,35.0,35.0,0.9995884897959184,0.3988602044358842,0.0,0.0,0.9797142857142856,0.9797142857142856,0.9797142857142856,5ef951fd8a954398a72b14c19754dea5
2018,14,13728,161506.92197554608,913,1.0,1,1,2,2.0,281.0,35.0,35.0,34.999998,35.0,35.0,0.1377551020408163,0.25922445209057304,0.0,0.0,0.07142857142857142,0.0714285714285714,0.0714285714285714,654d77786fed4b49b2e0ae5910dd4f87
2018,63,39999,426050.3208350508,726,1.0,1,1,1,1.0,724.0,28.0,28.0,28.0,28.0,28.0,0.9233896683673468,0.3839497098047812,0.0,0.0,1.2767857142857142,0.7232142857142858,0.7232142857142858,5c81c691b5834e31b4a192c92b26a7d5
2018,39,17951,146411.42350155307,619,1.0,1,1,1,1.0,270.0,28.0,28.0,28.0,28.0,28.0,0.9995709183673468,0.3988567001794818,0.0,0.0,0.9792857142857144,0.9792857142857144,0.9792857142857144,ed64993280e1475e9eb4c7d019636295
2018,42,32794,531067.8497774452,915,1.0,1,1,1,1.0,172.0,28.0,28.0,28.0,28.0,28.0,0.9980070153061223,0.3985449354806089,0.0,0.0,1.0446428571428572,0.9553571428571428,0.9553571428571428,2436778f71e54417b574588890dec855
2018,27,1019,5547.970622091907,221,1.0,1,1,1,1.0,73.0,28.0,28.0,8.515069,8.52,8.52,0.0,2.4732978877054906e-10,0.0,0.0,7.511737089201878,0.0,0.0,7f88aa4397f442da9bdfca93dc93289c
2018,52,44071,569322.3474682717,1462,1.0,1,1,2,2.0,559.0,35.0,35.0,34.999998,35.0,35.0,0.993439,0.3976356945497737,0.0,0.0,1.081,0.919,0.919,f04178720ebe4c6dbd57b035a5ead5e5
2018,183,113956,2024554.0393757808,5495,1.0,1,1,4,4.0,408.0,49.0,49.0,48.99999725,49.0,49.0,0.9960425629945856,0.3981536664095456,0.0,0.0,0.9370918367346938,0.9370918367346938,0.9370918367346938,e677ca6268104eb09cd4df07c8cadea3
2018,136,50587,401169.53393239423,1041,1.0,1,1,1,1.0,293.0,28.0,28.0,27.769864,27.77,27.77,0.0,0.0044944788476380965,0.0,0.0,3.9953186892329855,0.0,0.0,a973b0b383594b12bea09a7475ad94d0
2018,105,207873,2933835.6764436723,6950,1.0,1,1,5,5.0,948.0,56.0,56.0,56.0,56.0,56.0,0.9750811224489796,0.3940025207034474,0.0,0.0,1.1578571428571431,0.8421428571428571,0.8421428571428571,568fc0d15aa044489eabf1e443b5d570
2018,62,93837,1381250.7667501757,4523,1.0,1,1,3,3.0,619.0,42.0,42.0,42.0,42.0,42.0,0.988383950617284,0.3966319295683906,0.0,0.0,1.107777777777778,0.8922222222222221,0.8922222222222221,b8686823dbe444a8ab679ad9e679b7fe
2018,41,44165,834996.8533773203,779,1.0,1,1,1,1.0,2000.0,28.0,28.0,28.0,28.0,28.0,0.7033641581632653,0.34395086912390715,0.0,0.0,0.4553571428571429,0.4553571428571428,0.4553571428571428,95d181f473b54208a77623fbdaa0e58f
2018,58,87106,632185.0424251127,2502,1.0,1,1,2,2.0,198.0,35.0,35.0,34.999998,35.0,35.0,0.3404239795918369,0.2868698806920435,0.0,0.0,1.812142857142857,0.18785714285714286,0.18785714285714286,36e6846792274a23bcef5b851f34d588
2018,56,40779,553851.9255632608,1078,1.0,1,1,1,1.0,250.0,28.0,28.0,28.0,28.0,28.0,0.9969355867346938,0.3983314864441268,0.0,0.0,0.9446428571428572,0.9446428571428572,0.9446428571428572,bad782f3954e4f37a6702642e5d6bdc8
2018,42,44690,604414.6642623263,1733,1.0,1,1,2,2.0,272.0,35.0,35.0,34.999998,35.0,35.0,0.5799108367346939,0.323361911221533,0.0,0.0,1.6481428571428571,0.3518571428571429,0.3518571428571429,c1b852b307c84026936b5f62f24a5958
2018,61,68596,928183.5513278136,1706,1.0,1,1,2,2.0,449.0,35.0,35.0,34.999998,35.0,35.0,0.8646811224489795,0.3728429580530809,0.0,0.0,0.6321428571428571,0.6321428571428571,0.6321428571428571,f91b7bf76e54406fa5ec925e3d90607b
2018,37,37599,364112.8047076102,1027,1.0,1,1,1,1.0,216.0,28.0,28.0,28.0,28.0,28.0,0.0,0.17073256389682392,0.0,0.0,2.302857142857143,0.0,0.0,394ebcb129cb4a12b8ce1ff8a20d50c0
2018,29,54798,464867.2661177469,840,1.0,1,1,1,1.0,220.0,28.0,28.0,28.0,28.0,28.0,0.9935427295918368,0.3976563183787421,0.0,0.0,0.9196428571428572,0.9196428571428572,0.9196428571428572,0a54429e8b6541289e3f71c4a1e374b4
2018,80,2239,38696.83359670998,708,1.0,1,1,1,1.0,50.0,28.0,28.0,28.0,28.0,28.0,0.0,0.007543375847865506,0.0,0.0,3.8171428571428567,0.0,0.0,f18af562970b4d30bfe8c7424dc61f7d
2018,115,2164,22834.676857098417,485,1.0,1,1,1,1.0,130.0,28.0,28.0,28.0,28.0,28.0,0.0,0.04414877372162998,0.0,0.0,3.0982142857142856,0.0,0.0,0bff0854eeb6489bac99401856afe13e
2018,190,256396,4520270.978246721,8636,1.0,1,1,6,6.0,1034.0,63.0,63.0,63.0,63.0,63.0,0.9883497102544722,0.3966251392159313,0.0,0.0,1.107936507936508,0.8920634920634921,0.8920634920634921,33a377cc3c8040f8a6e36d014e02ada6
2018,130,62652,712370.3464106398,2836,1.0,1,1,2,2.0,354.0,35.0,35.0,34.999998,35.0,35.0,0.6408566326530614,0.3333673589998233,0.0,0.0,0.40071428571428575,0.4007142857142858,0.4007142857142858,34c7f39362d44d859f3efab491a64532
2018,3,785,9755.55539546114,36,1.0,1,1,1,1.0,129.0,28.0,28.0,1.457534,1.46,1.46,0.9605460686808032,0.3911494766364777,0.0,0.0,0.8013698630136986,0.8013698630136986,0.8013698630136986,b2cc0cc58e814b748d1f6434287078b1
2018,49,70256,593030.34095888,2906,1.0,1,1,2,2.0,472.0,35.0,35.0,34.999998,35.0,35.0,0.9581505306122448,0.39068125037502494,0.0,0.0,0.7954285714285714,0.7954285714285714,0.7954285714285714,9806752999e046d4a30f071272449cc7
2018,1,58,519.007690560405,4,1.0,1,1,1,1.0,112.0,28.0,28.0,28.0,28.0,28.0,0.0,0.2419707245191433,0.0,0.0,0.0,0.0,0.0,a07d33303d924980bebc25763be059f4
2018,74,22636,88202.32016623292,945,1.0,1,1,1,1.0,110.0,28.0,28.0,28.0,28.0,28.0,0.8394280612244899,0.3681648413736252,0.0,0.0,1.4007142857142856,0.5992857142857144,0.5992857142857144,472937bb84c24965acc293a0233916ed
2018,57,89923,732281.8662216825,1960,1.0,1,1,2,2.0,342.0,35.0,35.0,34.999998,35.0,35.0,0.8232398163265306,0.3651968977194901,0.0,0.0,0.5795714285714286,0.5795714285714286,0.5795714285714286,ab338cc14923479d8516905be01b0afb
2018,52,93332,1207309.943401862,2558,1.0,1,1,2,2.0,747.0,35.0,35.0,34.999998,35.0,35.0,0.984195918367347,0.3958022449019061,0.0,0.0,1.1257142857142857,0.8742857142857143,0.8742857142857143,8b3899ca2fcd4119a3b8a8af7ec87ca2
2018,57,47587,643988.991970289,1887,1.0,1,1,2,2.0,312.0,35.0,35.0,34.999998,35.0,35.0,0.9832852040816328,0.3956220545511263,0.0,0.0,1.1292857142857142,0.8707142857142858,0.8707142857142858,33f8aabd33e148c39bd94170bec6d623
2018,52,272343,2669798.4883077643,3925,1.0,1,1,3,3.0,993.0,42.0,52.31,42.0,52.31,52.31,0.9984641872027344,0.3986360476657142,0.0,0.0,0.960810552475626,0.960810552475626,0.960810552475626,717d0c10d9df40fbba72e9f5c870de98
2018,58,24618,213237.00648585559,811,1.0,1,1,1,1.0,200.0,28.0,28.0,28.0,28.0,28.0,0.973244387755102,0.393640847753555,0.0,0.0,0.8364285714285715,0.8364285714285715,0.8364285714285715,4ec048e85ebd439eb53694579b114acc
2018,85,91484,1133798.2766998142,4490,1.0,1,1,4,4.0,753.0,49.0,51.0375,48.99999725,51.0375,51.0375,0.9204768288001918,0.3833909248630173,0.0,0.0,0.7180014695077149,0.7180014695077149,0.7180014695077149,220fe984e8a749fe881bd18d06e1f056
2018,35,15436,90554.1452359732,338,1.0,1,1,2,2.0,332.0,35.0,35.0,34.999998,35.0,35.0,0.994375,0.3978218316074972,0.0,0.0,1.075,0.925,0.925,362a72723fc14db0aeef5d0c5ec77305
2018,42,6309,58593.59619607867,784,1.0,1,1,1,1.0,83.0,28.0,28.0,28.0,28.0,28.0,0.0,7.723721399512727e-12,0.0,0.0,8.023928571428572,0.0,0.0,4dc1c4166e394abfb75b248ea932ba6d
2018,48,92793,952248.2946594438,2448,1.0,1,1,2,2.0,425.0,35.0,35.0,34.999998,35.0,35.0,0.9257826734693876,0.3844093815563984,0.0,0.0,0.7275714285714285,0.7275714285714285,0.7275714285714285,919c2bdb3ceb47fca6c32c1238dea93a
2018,19,7285,73013.58493320894,344,1.0,1,1,1,1.0,164.0,28.0,28.0,16.263014000000002,16.26,16.26,0.5415061069429882,0.31721183479045145,0.0,0.0,0.3228782287822878,0.3228782287822878,0.3228782287822878,7eebd2395d37402fb2c9db3225074e70
2018,50,79533,1104101.6282017464,4977,1.0,1,1,3,3.0,581.0,42.0,45.26666666666667,42.0,45.26666666666667,45.26666666666667,0.9912126632989255,0.3971933053520658,0.0,0.0,0.9062592047128128,0.9062592047128128,0.9062592047128128,af63b467cee242d3bd5ac5ce4b68b269
2018,60,59400,722534.3948726086,2406,1.0,1,1,2,2.0,276.0,35.0,35.0,34.999998,35.0,35.0,0.9966027755102042,0.398265207364007,0.0,0.0,1.0582857142857145,0.9417142857142856,0.9417142857142856,1636bda4457b47bfbfea0a28b1b77495
2018,47,11457,117575.20386414525,865,1.0,1,1,1,1.0,120.0,28.0,28.0,28.0,28.0,28.0,0.8442570153061224,0.3690548409397478,0.0,0.0,0.6053571428571428,0.6053571428571428,0.6053571428571428,6961267ca9294a7ca4466bdf4172ef9f
2018,36,29213,400204.5873809947,193,1.0,1,1,1,1.0,950.0,28.0,28.0,28.0,28.0,28.0,0.9948979591836736,0.3979258674986881,0.0,0.0,1.0714285714285714,0.9285714285714286,0.9285714285714286,93c5161f39ce43beb8d6c9e50cca6784
2018,39,27781,252179.1902206381,610,1.0,1,1,1,1.0,401.0,28.0,28.0,28.0,28.0,28.0,0.9903539540816326,0.3970228051810257,0.0,0.0,1.0982142857142858,0.9017857142857142,0.9017857142857142,5361c5e12ac142bf98c9f4126c1a4f36
2018,32,10042,135958.7318273132,682,1.0,1,1,1,1.0,100.0,28.0,28.0,28.0,28.0,28.0,0.6803713010204081,0.3400193052983964,0.0,0.0,1.565357142857143,0.4346428571428571,0.4346428571428571,c960edfb24754ec1b9bc490d21485e62
2018,46,27986,302921.61216460273,676,1.0,1,1,1,1.0,300.0,28.0,28.0,28.0,28.0,28.0,0.8289586734693879,0.3662426465725684,0.0,0.0,1.4135714285714285,0.5864285714285715,0.5864285714285715,b4eb82fece3e42c58d3a0f77523da7c4
2018,63,59855,637003.2587134192,1567,2.0,1,2,4,4.0,1008.0,35.0,35.0,31.83561475,31.835,31.835,0.2694543230048706,0.2768688441627215,0.0,0.0,0.14528035181404114,0.1452803518140411,0.1452803518140411,7470394bf16b4a6aa3afef2cf20c005b
2018,92,164649,2085403.9232121026,6300,1.0,1,1,4,4.0,771.0,49.0,55.75,48.99999725,55.75,55.75,0.9180962335860364,0.3829348470505898,0.0,0.0,0.7138116591928252,0.7138116591928252,0.7138116591928252,b543a60483204c7a81092c7a4c803ed4
2018,5,554,7146.087139403576,31,1.0,1,1,2,2.0,358.0,42.0,42.0,3.1068496666666667,3.106666666666667,3.106666666666667,0.0,0.2419707245191433,0.0,0.0,0.0,0.0,0.0,4614dbdda67e4f0aa3b6bf5ae5d0e3e5
2018,36,28488,1270912.582642262,781,1.0,1,1,1,1.0,190.0,28.0,28.0,28.0,28.0,28.0,0.9948979591836736,0.3979258674986881,0.0,0.0,0.9285714285714286,0.9285714285714286,0.9285714285714286,9d90732321874243a91ae0bab50fdcf0
2018,46,4320,73537.03618145543,269,1.0,1,1,1,1.0,111.0,28.0,28.0,26.849316,26.85,26.85,0.9188227583408758,0.3830739781425419,0.0,0.0,1.2849162011173183,0.7150837988826817,0.7150837988826817,fb09979cd288497db54925e04ba50128
2018,71,246370,2639664.3251228123,5494,1.0,1,1,4,4.0,631.0,49.0,49.5,48.99999725,49.5,49.5,0.9451304866850322,0.3881461675299576,0.0,0.0,1.2342424242424241,0.7657575757575759,0.7657575757575759,0788b3fcedbb41199f4551ed13ab66f6
2018,27,11573,228346.1514481396,427,1.0,1,1,1,1.0,84.0,28.0,28.0,28.0,28.0,28.0,0.530775,0.3155143757052033,0.0,0.0,0.315,0.31499999999999995,0.31499999999999995,992e0a0bb2ca463fb9bd249051b6fc4b
2018,108,310605,1749884.5689575463,8624,1.0,1,1,6,6.0,714.0,63.0,63.75,63.0,63.75,63.75,0.9524930965013456,0.3895776852314773,0.0,0.0,0.7820392156862745,0.7820392156862745,0.7820392156862745,9c8fc003505e420bb6f4d46bd48a64a6
2018,55,32627,329827.39049217245,1244,1.0,1,1,2,2.0,270.0,35.0,35.0,34.999998,35.0,35.0,0.8456632653061225,0.3693144238737143,0.0,0.0,1.3928571428571428,0.6071428571428572,0.6071428571428572,13b5ff8f07684b7983af9ffe884ecc85
2018,73,76929,869952.4479082443,2240,1.0,1,1,2,2.0,422.0,35.0,35.0,34.999998,35.0,35.0,0.9999382653061224,0.3989299663017078,0.0,0.0,0.9921428571428572,0.9921428571428572,0.9921428571428572,52e6b168e460455b99f1f6b0a2472f86
2018,15,9399,107282.87479570958,504,1.0,1,1,3,3.0,514.0,42.0,42.0,42.0,42.0,42.0,0.29333293020912066,0.2801942775279841,0.0,0.0,0.15936507936507935,0.15936507936507938,0.15936507936507938,ddae676bdbe44fdaa4d46060d90b7ef6
2018,53,53975,592873.3779013703,1782,1.0,1,1,2,2.0,303.0,35.0,35.0,34.999998,35.0,35.0,0.993439,0.3976356945497737,0.0,0.0,1.081,0.919,0.919,69ce851e65c24590bd8b8295f04d8d44
2018,108,10683,206597.2941256053,1717,1.0,1,1,1,1.0,120.0,28.0,28.0,28.0,28.0,28.0,0.9394488520408164,0.38704507990862624,0.0,0.0,1.2460714285714285,0.7539285714285715,0.7539285714285715,af65600408154f50b4e4cf6f570a5517
2018,43,21076,240058.30911807469,800,1.0,1,1,1,1.0,200.0,28.0,28.0,28.0,28.0,28.0,0.9357015306122448,0.38632056770472695,0.0,0.0,1.2535714285714286,0.7464285714285714,0.7464285714285714,a002d7a9cc3b4ed3af6946cd4b6083f4
2018,49,34055,482053.6091910692,785,1.0,1,1,1,1.0,300.0,28.0,28.0,28.0,28.0,28.0,0.90234375,0.3799306061986278,0.0,0.0,0.6875,0.6875,0.6875,d6de5d28531c40d687f7dee099fe2fe1
2018,104,38637,405232.8379305337,3224,1.0,1,1,2,2.0,374.0,35.0,35.0,34.999998,35.0,35.0,0.9972811224489796,0.3984003112666596,0.0,0.0,1.0521428571428573,0.9478571428571428,0.9478571428571428,8343564d8ff24ad297d44f5f1edc1919
2018,37,11290,108219.89218960784,496,1.0,1,1,1,1.0,218.0,28.0,28.0,28.0,28.0,28.0,0.6129382653061225,0.32874615198356943,0.0,0.0,1.622142857142857,0.3778571428571429,0.3778571428571429,315ba15261324275bc1a382887746750
2018,35,12130,156335.26933009928,839,1.0,1,1,1,1.0,106.0,28.0,28.0,28.0,28.0,28.0,0.98109375,0.3951887981767218,0.0,0.0,0.8624999999999999,0.8624999999999999,0.8624999999999999,ed598c63351643a4b60ca77cef01f5b7
2018,99,7460,72349.56149724782,1065,1.0,1,1,1,1.0,150.0,28.0,28.0,28.0,28.0,28.0,0.0,0.0001508252715505181,0.0,0.0,4.97,0.0,0.0,038d901449b2408385cb8e6703584861
2018,53,15448,176151.93298494891,768,1.0,1,1,1,1.0,260.0,28.0,28.0,28.0,28.0,28.0,0.9989204081632652,0.3987269910981789,0.0,0.0,0.9671428571428572,0.9671428571428572,0.9671428571428572,3bf4974c8c2441aba3de967825db91d2
2018,78,169269,2500337.734410197,5529,1.0,1,1,4,4.0,720.0,49.0,55.8925,48.99999725,55.8925,55.8925,0.9995930640765736,0.3988611166861861,0.0,0.0,1.0201726528604018,0.9798273471395982,0.9798273471395982,9ead2b4e7c1443c9b94b5ac74bd73bec
2018,59,72880,1017301.4134202256,4268,1.0,1,1,3,3.0,625.0,42.0,42.0,42.0,42.0,42.0,0.9999137755102041,0.3989250814748848,0.0,0.0,1.0092857142857143,0.9907142857142855,0.9907142857142855,50b8edb7c6e74fada0cce825d87cddb6
2018,35,36822,240251.76752200988,1128,1.0,1,1,1,1.0,182.0,28.0,28.0,28.0,28.0,28.0,0.07015306122448994,0.250608829777845,0.0,0.0,1.9642857142857144,0.03571428571428581,0.03571428571428581,638909adcd48467b83def1061ddc65ab
2018,36,48049,543313.95236567,839,1.0,1,1,1,1.0,286.0,28.0,28.0,28.0,28.0,28.0,0.9804,0.3950517408346113,0.0,0.0,1.14,0.8599999999999999,0.8599999999999999,77c74707d1aa4e329e767b7c222be0f9
2018,41,44484,836585.5398685952,955,2.0,1,2,2,2.0,600.0,28.0,28.0,18.7561645,18.755,18.755,0.9138449954623316,0.3821217379265312,0.0,0.0,0.7064782724606772,0.7064782724606772,0.7064782724606772,0a19c685ac42453094302339978fa9ed
2018,75,71437,881610.2766601009,4334,1.0,1,1,4,4.0,600.0,49.0,54.25,48.99999725,54.25,54.25,0.707403758839644,0.3446462832681288,0.0,0.0,0.4590783410138249,0.4590783410138248,0.4590783410138248,b05aa106680e4b12a43d1525013f2d1b
2018,35,25410,325136.2318777025,676,1.0,1,1,1,1.0,430.0,28.0,28.0,28.0,28.0,28.0,0.8767488520408164,0.3750994428681464,0.0,0.0,0.6489285714285715,0.6489285714285715,0.6489285714285715,63d5eaf56be94458b8e613f763bb2831
2018,56,53808,739416.1261985005,2082,1.0,1,1,3,3.0,495.0,42.0,42.0,42.0,42.0,42.0,0.6519936444948349,0.3352288952899236,0.0,0.0,0.4100793650793651,0.4100793650793649,0.4100793650793649,bb02f2e974ec4c38a99092e4145e8bf4
2018,56,36592,369501.871195845,1811,1.0,1,1,3,3.0,401.0,42.0,43.48666666666667,42.0,43.48666666666667,43.48666666666667,0.8851618251755501,0.3766806168981468,0.0,0.0,0.6611221830446113,0.6611221830446113,0.6611221830446113,cf389e224b1c48e193cdead767a1484f
2018,37,21372,285905.2375891246,639,1.0,1,1,1,1.0,154.0,28.0,28.0,28.0,28.0,28.0,0.984375,0.3958376869447495,0.0,0.0,1.125,0.875,0.875,bd80654caea9486791cc785ec0644d7c
2018,29,8997,119855.06036201946,634,1.0,1,1,1,1.0,287.0,28.0,28.0,28.0,28.0,28.0,0.8547845663265305,0.3710025845186546,0.0,0.0,0.6189285714285714,0.6189285714285714,0.6189285714285714,d0643cade41248f899bf0fcee3f7b899
2018,39,44396,429140.1569814413,1177,1.0,1,1,1,1.0,211.0,28.0,28.0,28.0,28.0,28.0,0.9920280612244898,0.39735527366559503,0.0,0.0,1.0892857142857142,0.9107142857142858,0.9107142857142858,44d955086d294ffab54685e5a0b0bf6e
2018,37,18433,196386.4593755829,1455,1.0,1,1,1,1.0,70.0,28.0,28.0,28.0,28.0,28.0,0.907844387755102,0.3809769747810648,0.0,0.0,1.3035714285714286,0.6964285714285714,0.6964285714285714,bd5552265d9841f191f27a8ac8565b53
2018,1,45,494.4338246659268,3,1.0,1,1,1,1.0,100.0,28.0,28.0,28.0,28.0,28.0,0.0,0.2419707245191433,0.0,0.0,0.0,0.0,0.0,97ab32ad46f14d0da8ce050c16a9ffff
2018,59,10345,105040.61899984807,752,1.0,1,1,1,1.0,131.0,28.0,28.0,28.0,28.0,28.0,0.8313137755102041,0.3666741699953168,0.0,0.0,1.4107142857142858,0.5892857142857142,0.5892857142857142,5bc518ba102142da90fcf8d692481eb7
2018,36,19476,89615.91962373246,822,1.0,1,1,1,1.0,120.0,28.0,28.0,26.465754,26.47,26.47,0.9391418873238108,0.3869856798754602,0.0,0.0,1.2466943709860219,0.7533056290139781,0.7533056290139781,2a6a9154ef234e1789c80223e626f6c8
2018,26,32615,432770.58994414494,573,1.0,1,1,1,1.0,193.0,28.0,28.0,28.0,28.0,28.0,0.33984375,0.2867866675664145,0.0,0.0,0.1875,0.1875,0.1875,ec94bfb465034c038f3196489c130685
2018,73,121033,1514740.8279624374,4662,1.0,1,1,3,3.0,395.0,42.0,56.09,41.43744833333333,55.52666666666667,55.52666666666667,0.9544301300573524,0.3899551805317173,0.0,0.0,0.7865289950774402,0.7865289950774402,0.7865289950774402,35d8dad08355447fa5e47793900829db
2018,48,97044,994758.4411911969,2077,1.0,1,1,3,3.0,529.0,42.0,42.0,23.115981,23.116666666666664,23.116666666666664,0.9998567603490855,0.3989137092480856,0.0,0.0,1.011968276856525,0.9880317231434748,0.9880317231434748,0eca0dfdf0424572a8b5f80564043a94
2018,32,36296,518238.3753145339,744,2.0,1,2,3,3.0,447.0,32.666666666666664,32.666666666666664,13.744292000000002,13.743333333333334,13.743333333333334,0.2384548643639329,0.2726105385645041,0.0,0.0,0.12733446519524616,0.12733446519524616,0.12733446519524616,95a5a7b59db34ac5ba8c7e9dcf1a1632
2018,20,18209,221044.9072700149,971,1.0,1,1,1,1.0,143.0,28.0,28.0,28.0,28.0,28.0,0.7844387755102041,0.3581801719959186,0.0,0.0,1.4642857142857142,0.5357142857142858,0.5357142857142858,9ec47e412282431fafc7d0a28944bf9a
2018,9,3357,41633.624064896656,93,1.0,1,1,1,1.0,293.0,28.0,28.0,28.0,28.0,28.0,0.5867346938775511,0.32446708327726576,0.0,0.0,0.35714285714285715,0.3571428571428572,0.3571428571428572,3a31495730eb44a0915c9446d7863c89
2018,40,13604,241883.02372522675,881,1.0,1,1,2,2.0,200.0,35.0,35.0,34.999998,35.0,35.0,0.9514742040816326,0.3893792669023157,0.0,0.0,0.7797142857142857,0.7797142857142857,0.7797142857142857,be09e594e2a942aeb241dd7a5d2672cd
2018,5,5640,69038.30947272628,124,1.0,1,1,2,2.0,313.0,35.0,35.0,34.999998,35.0,35.0,0.0,0.2419707245191433,0.0,0.0,0.0,0.0,0.0,d9289245e9084f7ea9b60d32ea618733
2018,38,85499,703725.5090030808,2280,2.0,1,2,2,2.0,255.0,28.0,28.0,25.890411,25.89,25.89,0.9809860507083404,0.3951675179728749,0.0,0.0,1.137891077636153,0.8621089223638471,0.8621089223638471,ab5892c51070427e8757ae731cc01054
2018,148,23186,208711.2319689917,1867,1.0,1,1,2,2.0,296.0,35.0,35.0,34.999998,35.0,35.0,0.0,0.03760854735444248,0.0,0.0,3.173285714285714,0.0,0.0,56951ee5f4674aa9ac0a0b6581506928
2018,31,55737,536985.2325318357,1949,1.0,1,1,2,2.0,350.0,35.0,35.0,31.8356145,31.835,31.835,0.8179001545905937,0.3642231841726997,0.0,0.0,0.5732684152662164,0.5732684152662164,0.5732684152662164,2a5b52de8d6c41d5a631a0f60f9485d5
2018,50,19014,149071.92816350205,869,1.0,1,1,1,1.0,130.0,28.0,28.0,28.0,28.0,28.0,0.988289668367347,0.3966132323337401,0.0,0.0,0.8917857142857143,0.8917857142857143,0.8917857142857143,6d8a5352eae74956a4aff69713d069ed
2018,88,8558,91024.5298763027,562,1.0,1,1,1,1.0,163.0,28.0,28.0,28.0,28.0,28.0,0.2548610969387756,0.2748559917788692,0.0,0.0,1.8632142857142853,0.1367857142857143,0.1367857142857143,1cddf1195b5043d48289f71a53b5ee62
2018,38,36773,554716.7383306491,1163,1.0,1,1,1,1.0,124.0,28.0,28.0,28.0,28.0,28.0,0.7563872448979592,0.35319148780478743,0.0,0.0,0.5064285714285715,0.5064285714285715,0.5064285714285715,2239bbe8076f4e8aa046844efd469406
2018,40,19448,213145.06809827703,1022,1.0,1,1,1,1.0,222.0,28.0,28.0,28.0,28.0,28.0,0.6239682397959183,0.33056419144279936,0.0,0.0,1.6132142857142855,0.3867857142857143,0.3867857142857143,e0c6827e341c44bc8955dc6acfbb35ed
2018,59,37549,646257.3183152544,1691,1.0,1,1,2,2.0,211.0,35.0,35.0,34.999998,35.0,35.0,0.9332884897959184,0.3858547451244306,0.0,0.0,0.7417142857142858,0.7417142857142858,0.7417142857142858,d37ed2ba3ef943e092fa2e55699e9083
2018,53,8610,99434.40776406307,561,1.0,1,1,1,1.0,205.0,28.0,28.0,28.0,28.0,28.0,0.9741709183673468,0.3938232501484804,0.0,0.0,0.8392857142857143,0.8392857142857143,0.8392857142857143,e03e4c946f0c463ea16b0aff6b65b8da
2018,33,25827,200505.9109016144,737,2.0,1,2,2,2.0,319.0,28.0,28.0,28.0,28.0,28.0,0.9183673469387756,0.3829867599442122,0.0,0.0,0.7142857142857143,0.7142857142857143,0.7142857142857143,6c44c1688bfc4daaae1eac300e32273e
2018,35,9398,191063.76217805425,370,1.0,1,1,1,1.0,197.0,28.0,28.0,28.0,28.0,28.0,0.7130102040816326,0.3456137589168997,0.0,0.0,1.5357142857142858,0.4642857142857142,0.4642857142857142,25fe9b95b1964cc78e5f82efdaf92dba
2018,72,41041,817812.9407821805,2845,1.0,1,1,4,4.0,468.0,49.0,50.155,48.99999725,50.155,50.155,0.5378141911206751,0.3166268152213825,0.0,0.0,0.3201575117136876,0.3201575117136876,0.3201575117136876,31338666a14944f9a799228de74c367f
2018,12,1552,14156.189770722185,97,1.0,1,1,3,3.0,351.0,42.0,42.0,42.0,42.0,42.0,0.06632259385235573,0.2501293146433745,0.0,0.0,0.03373015873015873,0.03373015873015872,0.03373015873015872,889cfee7665d43a884f76d39b49f9027
2018,38,50812,515437.4781269382,904,1.0,1,1,1,1.0,200.0,28.0,28.0,28.0,28.0,28.0,0.99609375,0.3981638566868865,0.0,0.0,0.9375,0.9375,0.9375,ec08386a71a94dd6860e0771cf1d796d
2018,42,6392,79252.04303097486,524,1.0,1,1,1,1.0,80.0,28.0,28.0,24.164384,24.16,24.16,0.9598674400245604,0.3910167765294148,0.0,0.0,1.2003311258278146,0.7996688741721854,0.7996688741721854,42692eb78110424c88be75ea3a58a627
2018,22,14447,164517.74954416673,418,1.0,1,1,1,1.0,155.0,28.0,28.0,23.934247,23.93,23.93,0.0,0.2419707245191433,0.0,0.0,0.0,0.0,0.0,fa8493f1d80941a4b1f203ef3777dc1d
2018,69,129774,1182415.5628841838,4379,1.0,1,1,3,3.0,331.0,49.0,49.35,42.81506825,43.165,43.165,0.9968046667237096,0.3983054125162455,0.0,0.0,0.9434727209544772,0.9434727209544772,0.9434727209544772,4664f205401b4dda87593ef20567993e
2018,101,198293,2378470.2362660863,5912,1.0,1,1,6,6.0,1027.0,63.0,63.15166666666667,63.0,63.15166666666667,63.15166666666667,0.9990400158565981,0.3987508372190542,0.0,0.0,1.0309836108838508,0.9690163891161492,0.9690163891161492,357b78eb53ba4e04b305e1c70e1a997a
2018,61,28376,416678.86894995533,2062,1.0,1,1,2,2.0,197.0,35.0,35.0,34.999998,35.0,35.0,0.987036551020408,0.3963648087071248,0.0,0.0,0.8861428571428571,0.8861428571428571,0.8861428571428571,f3966a719de845ae8fb9d9b98c0827c4
2018,48,56576,1137087.3128885105,1370,1.0,1,1,2,2.0,296.0,35.0,35.0,34.999998,35.0,35.0,0.6357015306122449,0.33250919408051505,0.0,0.0,0.3964285714285714,0.39642857142857135,0.39642857142857135,4ce8ebfe73e349968050bbff14297c69
2018,38,26665,328673.8417904501,1052,1.0,1,1,1,1.0,210.0,28.0,28.0,28.0,28.0,28.0,0.7318239795918369,0.3488802484162101,0.0,0.0,0.4821428571428572,0.4821428571428572,0.4821428571428572,d1dde8344e1042fe932917f4434ca43f
2018,40,11739,94100.37241470133,402,1.0,1,1,1,1.0,251.0,28.0,28.0,28.0,28.0,28.0,0.649366836734694,0.3347888933715029,0.0,0.0,1.592142857142857,0.4078571428571429,0.4078571428571429,e8257f6026724341844403f82a2779e4
2018,39,19856,289398.5337945974,1204,1.0,1,1,1,1.0,215.0,28.0,28.0,28.0,28.0,28.0,0.80859375,0.3625323170404453,0.0,0.0,0.5625,0.5625,0.5625,ce6903057f6b4e679e2ba308ee70d39d
2018,30,8746,163972.69944606195,826,1.0,1,1,1,1.0,127.0,28.0,28.0,28.0,28.0,28.0,0.6527423469387754,0.33535441212874034,0.0,0.0,0.4107142857142857,0.4107142857142857,0.4107142857142857,74893709ade240ceb8468bf18d7d34c6
2018,67,20266,245891.34717028608,2414,1.0,1,1,2,2.0,300.0,35.0,35.0,34.999998,35.0,35.0,0.647333693877551,0.3344487294776404,0.0,0.0,0.4061428571428571,0.4061428571428571,0.4061428571428571,abc42cee3ed44aeda57c9e7541367b89
2018,98,173536,2325901.5966305262,5437,1.0,1,1,4,4.0,692.0,49.0,52.295,48.95205225,52.2475,52.2475,0.9753531484770341,0.3940561138184205,0.0,0.0,1.1569931575673478,0.8430068424326522,0.8430068424326522,7bdacc65dbca4033812a7a8405586e0f
2018,52,43592,621138.3182074447,1875,2.0,1,2,2,2.0,698.0,28.0,28.0,28.0,28.0,28.0,0.4948852040816326,0.3099030007838451,0.0,0.0,0.28928571428571426,0.28928571428571426,0.28928571428571426,0ed4563b3dbc4749828a460c02d0e9a4
2018,108,146814,1211410.6927148614,5715,1.0,1,1,3,3.0,568.0,42.0,42.0,42.0,42.0,42.0,0.8015509637188208,0.36125794332827615,0.0,0.0,0.5545238095238095,0.5545238095238095,0.5545238095238095,30c0ed7b5d2146a281f08f1b7af8f3a2
2018,79,49862,639269.3144814059,3756,2.0,1,2,4,4.0,690.0,38.5,38.5,33.609589,33.61,33.61,0.9899015739283612,0.39693301271776055,0.0,0.0,0.8995090746801547,0.8995090746801547,0.8995090746801547,10c26c38a82f4c57bc232916b478ae0e
2018,27,3854,25665.638104892445,214,1.0,1,1,1,1.0,120.0,28.0,28.0,11.736987,11.74,11.74,0.0,7.525374629265205e-06,0.0,0.0,5.664395229982964,0.0,0.0,fae3a3a54c0346b38b3aa4159d0d165c
2018,32,6491,74281.72408399035,815,1.0,1,1,1,1.0,64.0,28.0,28.0,21.326028,21.33,21.33,0.8187867346537313,0.3643846764708281,0.0,0.0,0.5743084857008908,0.5743084857008908,0.5743084857008908,53c866b6f7f7405f96433fe9dc60c371
2018,52,217117,2098015.315577439,4792,1.0,1,1,3,3.0,736.0,42.0,42.0,42.0,42.0,42.0,0.9997480473670948,0.3988920262879511,0.0,0.0,0.9841269841269841,0.9841269841269841,0.9841269841269841,2189e1550ef74394a84a7a2065b1671a
2018,74,73438,891405.1267309411,3344,1.0,1,1,3,3.0,405.0,42.0,42.5,42.0,42.5,42.5,0.9467566997308728,0.3884619000553153,0.0,0.0,0.7692549019607843,0.7692549019607843,0.7692549019607843,dd456a924dfb40b3b670c6b9adc68683
2018,29,11097,142708.02200895574,475,1.0,1,1,1,1.0,206.0,28.0,28.0,28.0,28.0,28.0,0.9996811224489796,0.39887867860317744,0.0,0.0,0.9821428571428572,0.9821428571428572,0.9821428571428572,1252e302e1bc48a3a9ce965b488552a1
2018,53,48407,672264.9512864454,2329,1.0,1,1,2,2.0,326.0,35.0,35.0,34.999998,35.0,35.0,0.9338775510204079,0.3859684078965111,0.0,0.0,1.2571428571428571,0.7428571428571429,0.7428571428571429,3c99b4bb5a38421889b7d149d383c5a5
2018,50,22416,203184.0959432906,787,1.0,1,1,1,1.0,512.0,28.0,28.0,28.0,28.0,28.0,0.7702852040816326,0.3556543555437441,0.0,0.0,1.4792857142857143,0.5207142857142857,0.5207142857142857,7c139aad4e28440e96cfd05c4169de9c
2018,46,54672,683907.6092618426,1296,1.0,1,1,1,1.0,730.0,28.0,28.0,28.0,28.0,28.0,0.9485682397959184,0.3888139166021151,0.0,0.0,0.7732142857142856,0.7732142857142856,0.7732142857142856,defa8eadb83f4befb51680d551078210
2018,52,49365,586384.8692903847,1574,1.0,1,1,2,2.0,357.0,35.0,35.0,34.999998,35.0,35.0,0.9972512448979592,0.39839435969830106,0.0,0.0,1.0524285714285715,0.9475714285714284,0.9475714285714284,97e7924f4386472981ba1197f78abe08
2018,51,41574,565963.5335657939,1999,1.0,1,1,2,2.0,256.0,35.0,35.0,34.999998,35.0,35.0,0.32337624489795924,0.2844350317899624,0.0,0.0,0.17742857142857146,0.1774285714285715,0.1774285714285715,01791e200ae94f319bbd68e6635959d5
2018,32,24301,271460.6654283554,1359,2.0,1,2,2,2.0,344.0,28.0,28.0,17.873972666666667,17.873333333333328,17.873333333333328,0.4387581543125877,0.30132693043254755,0.0,0.0,0.2508392390898918,0.2508392390898918,0.2508392390898918,8b99a24509824633bc9bc4fbfbd99eac
2018,31,26261,386858.72262739454,882,1.0,1,1,1,1.0,110.0,28.0,28.0,28.0,28.0,28.0,0.8829382653061225,0.3762620636591431,0.0,0.0,0.6578571428571429,0.6578571428571429,0.6578571428571429,64a8cafe399848238a01b5a229d0b30a
2018,46,1602,7685.105040251429,270,1.0,1,1,1,1.0,30.0,28.0,28.0,28.0,28.0,28.0,0.2136110969387756,0.2692451476768618,0.0,0.0,1.8867857142857145,0.11321428571428573,0.11321428571428573,0a48edd740b74b7484087f356c097074
2018,43,14330,174875.92342486652,1776,1.0,1,1,2,2.0,360.0,35.0,35.0,33.542464,33.54,33.54,0.5213290968090861,0.31402773002233597,0.0,0.0,0.30813953488372103,0.30813953488372103,0.30813953488372103,2e1bd82829c24784939b3d70a316325d
2018,59,34657,472814.2686693202,1758,1.0,1,1,2,2.0,254.0,35.0,35.0,34.999998,35.0,35.0,0.428464,0.2997799620703423,0.0,0.0,0.244,0.244,0.244,a8894d56eb6a4bd9a77b760fd0c2e1ad
2018,12,5153,55388.19983915286,165,1.0,1,1,1,1.0,503.0,28.0,28.0,10.586302,10.59,10.59,0.9482104467217902,0.3887443653602963,0.0,0.0,1.2275731822474032,0.7724268177525968,0.7724268177525968,14b88473405447d5bd183b4cc4c88a28
2018,43,44291,602236.0779663847,1737,1.0,1,1,2,2.0,310.0,35.0,35.0,27.32876550000001,27.33,27.33,0.9177089010747876,0.3828606926734455,0.0,0.0,0.7131357482619831,0.7131357482619831,0.7131357482619831,38b882132cf44d1490c7b6725be3c90d
2018,27,22025,226958.9770602904,821,1.0,1,1,1,1.0,224.0,28.0,28.0,20.175343,20.18,20.18,0.32088679584433843,0.28408120878138043,0.0,0.0,0.1759167492566898,0.17591674925668974,0.17591674925668974,8c689cb528cd4c8f958bee845e0a33c9
2018,23,42287,600923.3564193394,1015,1.0,1,1,2,2.0,368.0,35.0,35.0,16.58904,16.59,16.59,0.0,0.2419707245191433,0.0,0.0,0.0,0.0,0.0,631131cbf0944fb488d22003a282ef98
2018,23,45455,407799.76640978345,566,1.0,1,1,1,1.0,206.0,28.0,28.0,15.342466,15.34,15.34,0.9970724422860192,0.3983587443143076,0.0,0.0,1.0541069100391136,0.9458930899608864,0.9458930899608864,9c3cd08a47194b9da824224f0eedbc13
2018,7,2459,18138.2588222716,216,1.0,1,1,1,1.0,150.0,28.0,28.0,10.969863,10.97,10.97,0.0,0.2419707245191433,0.0,0.0,0.0,0.0,0.0,c710ad41f56545f99cb62213fd9745ba
2018,5,1380,14959.918197184672,43,1.0,1,1,1,1.0,164.0,28.0,28.0,11.736987,11.74,11.74,0.16310231042258586,0.26253066676742826,0.0,0.0,0.08517887563884156,0.08517887563884152,0.08517887563884152,eb1bf9f42cf14eae8151be36be7f1f41
2018,120,541343,6772175.271192637,26137,10.0,10,10,25,25.0,5590.0,43.12,43.6048,42.42345132000001,42.9084,42.9084,0.9999008762218656,0.3989225085583562,0.0,0.0,1.0099560925133542,0.9900439074866458,0.9900439074866458,f4b0e2f6523346bea443a7ee4bbea13a
2018,47,67825,731451.9589260204,1768,1.0,1,1,2,2.0,849.0,35.0,35.0,34.999998,35.0,35.0,0.980119,0.3949962399640515,0.0,0.0,1.141,0.8590000000000001,0.8590000000000001,6bc67f32fcbc479c8fd27d757a996973
2018,131,12872619,168457301.51492587,195411,30.0,4,30,154,154.0,36857.0,57.50649350649351,81.33623376623378,54.3326643051948,78.16240259740259,78.16240259740259,0.6163234675963478,0.3293030592748708,0.0,0.0,0.38058371638803995,0.3805837163880399,0.3805837163880399,2829f6d92dcc49129cd060a7fe6ef582
2018,128,2829221,43375514.32879027,116247,25.0,1,25,84,84.0,17827.0,47.83333333333334,49.53083333333333,47.83333203571429,49.53083333333333,49.53083333333333,0.8944190126088459,0.37842815964747145,0.0,0.0,0.675067718761041,0.675067718761041,0.675067718761041,7d74349816fb487ca361f054c2fe85e7
2018,168,2627058,33515291.06925329,95601,23.0,12,23,82,82.0,16336.0,51.17241379310346,59.05632183908046,46.18258570114943,54.06643678160919,54.06643678160919,0.9402638422901702,0.3872028310309429,0.0,0.0,0.7555901849151108,0.7555901849151108,0.7555901849151108,907f03d7d7644f20aac5de28232f31f7
2018,64,269489,3066958.247355967,11503,10.0,1,10,15,15.0,3828.0,32.666666666666664,32.666666666666664,30.511049,30.51133333333333,30.51133333333333,0.9241576296577444,0.3840971673706898,0.0,0.0,1.2753949352153298,0.7246050647846702,0.7246050647846702,71cfad243bda45bb98d9bbeecb8b5f83
2018,92,588557,7052833.516591422,45290,21.0,10,21,42,42.0,6561.0,38.0,40.113333333333344,27.389953523809524,29.50333333333333,29.50333333333333,0.9709471862293516,0.3931889711381185,0.0,0.0,1.170448859693013,0.8295511403069871,0.8295511403069871,e0f2ac9a979443588c1d05aa7a30ecc2
2018,45,51416,593024.9951959392,1651,3.0,1,3,3,3.0,1122.0,28.0,28.0,21.274886,21.273333333333333,21.273333333333333,0.9783058765344124,0.3946383137539188,0.0,0.0,0.8527107489815106,0.8527107489815106,0.8527107489815106,28998940092f4dd1b1a5377487f9e7f9
2018,77,43915,611754.2272656189,2841,3.0,1,3,3,3.0,1380.0,28.0,28.0,28.0,28.0,28.0,0.7505948837868484,0.3521700613171509,0.0,0.0,1.4994047619047617,0.5005952380952383,0.5005952380952383,c4a3a022175d470c8d72b5d53ea0f9f2
2018,66,120729,2019354.6390047243,6635,3.0,1,3,8,8.0,1776.0,42.0,42.0,28.287669625,28.2875,28.2875,0.8382630977419414,0.3679504545200213,0.0,0.0,1.4021652673442333,0.5978347326557667,0.5978347326557667,6631aea2889f4b1190d4fc0d77d2c84c
2018,257,3817964,55222278.29895124,102431,12.0,1,12,69,69.0,13710.0,58.7536231884058,58.7536231884058,58.74611539130434,58.74608695652174,58.74608695652174,0.988178585386203,0.3965912044553721,0.0,0.0,1.108726328981517,0.8912736710184829,0.8912736710184829,d0f06f27707f43099a44998d62886cc3
2018,205,3492784,45008157.53161707,116506,16.0,8,16,83,83.0,16761.0,57.686746987951814,58.02614457831326,57.54811118072289,57.88746987951807,57.88746987951807,0.9979016627032968,0.3985239421603911,0.0,0.0,1.0458076117769002,0.9541923882230998,0.9541923882230998,886777b82d0f4266bf8dd904f687d639
2018,47,59719,768809.385272631,2130,1.0,1,1,2,2.0,649.0,35.0,35.0,34.999998,35.0,35.0,0.9764158163265306,0.3942655448339213,0.0,0.0,0.8464285714285714,0.8464285714285714,0.8464285714285714,8cb9a2fd385b4672af13eac2f5f447cd
2018,111,265288,3412697.5934972926,9552,2.0,2,2,6,6.0,1192.0,44.33333333333334,49.15833333333333,44.33333083333333,49.15833333333333,49.15833333333333,0.9964595583547552,0.398236689180036,46.0,46.0,0.940498389557552,0.940498389557552,0.940498389557552,e5e73bab34d44705a4b3800a3e37165b
2018,140,1439888,19030839.12870633,52961,10.0,1,10,45,45.0,8385.0,54.22222222222222,55.712444444444436,54.22221713333333,55.712444444444436,55.712444444444436,0.9695235693053668,0.3929091954864513,78.17,78.17,0.8254249998005632,0.8254249998005632,0.8254249998005632,2ea8504a414d490ca3414d4cd9206628
2018,255,39295097,713639994.688859,895888,86.0,3,86,642,642.0,146782.0,58.08892355694229,58.32082683307333,56.14166653510139,56.37355694227769,56.37355694227769,0.9835973455715808,0.3956838043984553,1997.0,1997.0,1.1280728481311286,0.8719271518688714,0.8719271518688714,43c2fe19b54043e8b0207f1efb3c5ae6
2018,63,150575,1373644.5097990958,3516,4.0,3,4,4,4.0,642.0,28.0,28.0,23.85753425,23.8575,23.8575,0.5666627564382638,0.32122702752304344,0.0,0.0,1.6582835586293616,0.3417164413706384,0.3417164413706384,f2f90bbce59d4cbcaeeec02e765df91d
2018,71,76754,684497.628997494,2884,2.0,2,2,3,3.0,540.0,32.666666666666664,32.666666666666664,32.66666533333333,32.666666666666664,32.666666666666664,0.9581421803415244,0.3906796192313271,0.0,0.0,1.2045918367346942,0.7954081632653061,0.7954081632653061,d0fa1c05568947c9994c334b72f4266b
2018,182,193262,2045957.98357288,14935,2.0,1,2,11,11.0,2462.0,55.09090909090909,55.09090909090909,53.76985818181818,53.77,53.77,0.9799025623210312,0.3949534962422416,0.0,0.0,1.1417654318900368,0.8582345681099632,0.8582345681099632,006a948442764cb1b02b3420411b69f8
2018,125,826358,10199621.817732943,25912,6.0,4,6,18,18.0,3254.0,47.444444444444436,47.85999999999999,47.444442944444454,47.85999999999999,47.85999999999999,0.9942614292529194,0.3977992417875786,0.0,0.0,0.9242466453080748,0.9242466453080748,0.9242466453080748,725834ddc1c44746814963bb154980cc
2018,319,20552544,367716410.7053082,516313,52.0,1,52,393,393.0,81500.0,58.61616161616161,58.61616161616161,56.54731298232325,56.54734848484848,56.5473484848485,0.99530697526974,0.398007254861024,2126.7,2126.7,0.9314943452679996,0.9314943452679996,0.9314943452679996,24c5d7766a824e0ca12ed23a5117d243
2018,171,1863039,25752720.727832057,46252,12.0,4,12,37,37.0,6557.0,44.64864864864865,48.8845945945946,44.64864732432432,48.8845945945946,48.8845945945946,0.9946756234238321,0.3978816333823846,163.19,163.19,0.9270316741581108,0.9270316741581108,0.9270316741581108,232639c78775497aa1eb0eb55b487d59
2018,268,7303360,117359111.10667709,222466,30.0,9,30,178,178.0,35009.0,58.37078651685393,58.37078651685393,51.53163319101122,51.53168539325842,51.531685393258435,0.9995834033399648,0.39885919004474335,869.93,869.93,0.9795893003540964,0.9795893003540964,0.9795893003540964,5fab0fe5045c4154a2e187f0f775da0e
2018,98,555422,6719779.410610323,32203,7.0,2,7,27,27.0,4585.0,49.77777777777778,51.022222222222226,41.27549396296296,42.519629629629634,42.519629629629634,0.9969376753053948,0.3983319024160799,0.0,0.0,0.9446617248678172,0.9446617248678172,0.9446617248678172,8ea34140265c4457a488d94badf97230
2018,438,2931803,55121649.30391996,103220,13.0,5,13,69,69.0,11158.0,54.1304347826087,54.1304347826087,53.66515475362319,53.66521739130435,53.66521739130435,0.8797607994489045,0.3756647583337777,0.0,0.0,1.3467552458883578,0.6532447541116422,0.6532447541116422,209d12d0302b416eb2688fd381ef661d
2018,332,597098,11503292.248174727,20401,5.0,3,5,17,17.0,1897.0,48.58823529411765,48.58823529411765,45.53102305882353,45.53117647058824,45.53117647058824,0.9691327200626646,0.39283241885796416,0.0,0.0,1.175690864695167,0.8243091353048331,0.8243091353048331,fa6f263a7b864d8b9e46a4ac7f383ed5
2018,209,2732990,50124033.98670162,78652,10.0,2,10,53,53.0,11946.0,59.24528301886792,59.24528301886792,59.24527877358491,59.24528301886792,59.24528301886792,0.9985049709825956,0.3986441766910034,0.0,0.0,1.0386656050955416,0.9613343949044584,0.9613343949044584,06e7862032dc40a6a401afce44e1b2c7
2018,101,462018,7390790.270356361,25313,9.0,1,9,30,30.0,4426.0,44.8,44.941,30.9380821,31.079,31.079,0.9831913698874511,0.3956034935481993,0.0,0.0,1.1296481010757529,0.8703518989242469,0.8703518989242469,62d7598b86c54666887525d30f20b75d
2018,107,964264,14075749.859032596,46500,13.0,2,13,36,36.0,6551.0,43.944444444444436,45.05805555555556,43.94444308333333,45.05805555555556,45.05805555555556,0.921249265532922,0.3835390260775607,0.0,0.0,0.7193743873644495,0.7193743873644495,0.7193743873644495,b07a290acf0c4cebaae854c8ed24f45a
2018,56,23031,245209.3566519291,1768,7.0,7,7,8,8.0,1149.0,29.75,29.75,18.828081750000006,18.8275,18.8275,0.0,0.022255010552495368,0.0,0.0,3.4026025760191208,0.0,0.0,3f0fc7ff893946d8bc51612db93b8a59
2018,306,12868992,235122910.44661984,261786,34.0,4,34,196,196.0,41224.0,57.63265306122449,64.7138775510204,57.56572434693877,64.64693877551021,64.64693877551021,0.9999998647417508,0.3989422534213165,958.22,958.22,1.000367774726142,0.9996322252738579,0.9996322252738579,6fca60bab4f644a694dc0f56f61d1a18
2018,80,313696,3658971.8957321183,17937,6.0,1,6,16,16.0,2360.0,41.125,42.0575,40.75821875000001,41.690625,41.690625,0.9555533353345438,0.3901742418970007,0.0,0.0,0.7891762236713891,0.7891762236713891,0.7891762236713891,dd4f47e38db84c0da237d9bafbed8305
2018,191,747672,8411383.821621073,49793,10.0,2,10,40,40.0,6947.0,51.1,54.801,44.100001925,47.801,47.801,0.9969975212607752,0.3983438218710411,0.0,0.0,0.9452051212317734,0.9452051212317734,0.9452051212317734,3ca6cad580744461a6419d9acc824c43
2018,71,280673,3601312.8458943823,24101,9.0,6,9,24,24.0,2931.0,40.25,40.74916666666667,37.472374625,37.97166666666666,37.97166666666666,0.9881629458564878,0.3965881032175341,0.0,0.0,1.108798226748014,0.8912017732519861,0.8912017732519861,f7b43c05cd474ed78ad98c10d1ba994a
2018,71,74127,1359796.899366118,7858,4.0,2,4,6,6.0,912.0,32.666666666666664,32.666666666666664,31.963469,31.96333333333333,31.96333333333333,0.9913563721971244,0.3972218464835992,0.0,0.0,0.9070288872666596,0.9070288872666596,0.9070288872666596,a6e4aa1752db4645a19a29899835ee6c
2018,175,2943523,39445881.874754265,59698,10.0,6,10,46,46.0,9802.0,54.6304347826087,55.27347826086957,54.02382910869565,54.66695652173914,54.66695652173914,0.9916075958634964,0.3972717453817979,55.0,55.0,1.0916100656942431,0.9083899343057568,0.9083899343057568,224d0c2c61c3466ea4889571e18ed2a8
2018,143,1229850,10331739.27586106,50714,14.0,2,14,53,53.0,8321.0,49.39622641509435,54.11,46.107003471698114,50.82075471698114,50.82075471698114,0.930665005968862,0.3853489351013485,0.0,0.0,0.7366846111007981,0.7366846111007981,0.7366846111007981,29507f40f06046f0ba8438236931ec69
2018,135,1118255,13315311.296078565,24280,4.0,3,4,16,16.0,3241.0,52.5,52.705,52.499998375,52.705,52.705,0.996796392748142,0.3983037647350279,0.0,0.0,0.9433995825822976,0.9433995825822976,0.9433995825822976,fe80bbcb18504862af9af485dfb5a3fd
2018,64,137915,1425449.0459032885,5087,4.0,1,4,9,9.0,953.0,37.333333333333336,37.333333333333336,37.333332,37.333333333333336,37.333333333333336,0.9993494463931406,0.3988125348344664,0.0,0.0,0.9744940476190476,0.9744940476190476,0.9744940476190476,0d797c6f7058437eb60146903671e4b7
2018,150,384915,5934669.643072218,17126,3.0,3,3,15,15.0,2534.0,56.93333333333333,64.104,44.71562526666666,51.88666666666666,51.88666666666666,0.9188156411953436,0.3830726149483414,0.0,0.0,0.7150713092637799,0.7150713092637799,0.7150713092637799,1a3f40e662314a17909915effa5c1c4c
2018,221,2105726,37185858.01696108,72805,9.0,2,9,54,54.0,10708.0,55.859649122807035,55.88894736842106,49.384329438596495,49.41385964912281,49.41385964912281,0.9901710303829004,0.3969864944015742,214.0,214.0,1.099141160055244,0.900858839944756,0.900858839944756,ffd4e02796d64f90ac29f3db1f7a447c
2018,47,73443,1257840.166271703,6412,4.0,4,4,9,9.0,1418.0,36.4,36.5,33.46958789999999,33.57,33.57,0.9885318039950312,0.3966612523374993,0.0,0.0,0.8929103366100686,0.8929103366100686,0.8929103366100686,bb2af7d11d104919b5bcbf915464c6c9
2018,111,737753,9894296.065408433,15944,4.0,3,4,17,17.0,3928.0,54.352941176470594,54.352941176470594,54.35294029411765,54.352941176470594,54.352941176470594,0.7487213128502092,0.3518403079995049,0.0,0.0,0.4987229437229438,0.4987229437229438,0.4987229437229438,989a27a2c313413cb6da567d0527f509
2018,185,111888,947457.3618576495,6896,3.0,1,3,4,4.0,411.0,31.5,31.5,31.499999,31.5,31.5,0.6995046044343665,0.3432877607255742,0.0,0.0,1.548174603174603,0.4518253968253969,0.4518253968253969,521a4707f638477aa5af9c7c2ccb7387
2018,88,358920,4385344.125390051,16592,3.0,1,3,13,13.0,1877.0,51.69230769230769,63.639230769230785,51.692306,63.639230769230785,63.639230769230785,0.8528659846776424,0.370646855794411,0.0,0.0,0.6164194800014505,0.6164194800014505,0.6164194800014505,f46747ca12854c7e982898bc70df1e5e
2018,171,37073,87088.3562788255,8357,19.0,1,19,20,20.0,6265.0,28.7,28.7,28.6999998,28.7,28.7,0.9715954193932184,0.3933164308582863,0.0,0.0,0.8314634146341464,0.8314634146341464,0.8314634146341464,c2a3b77e628c4441bf9eae9b47ae6ad2
2018,94,157614,1893886.56165052,10643,3.0,2,3,8,8.0,1129.0,42.0,42.0,41.999997625,42.0,42.0,0.8053509637188208,0.3619449859043618,0.0,0.0,0.5588095238095238,0.5588095238095238,0.5588095238095238,0acae5165a2a48deb3fe13e05bbc37e8
2018,208,392171,5267583.090222524,9712,2.0,1,2,9,9.0,1496.0,52.88888888888889,52.88888888888889,52.88888766666667,52.88888888888889,52.88888888888889,0.9997904804568888,0.3989004894883154,5.43,5.43,0.9855252100840336,0.9855252100840336,0.9855252100840336,9137e399bf7e4a4b9c087a7fb7ecf93f
2018,236,7195398,127327933.36321916,181893,13.0,1,13,113,113.0,24740.0,56.78761061946904,56.78761061946904,55.91149668141593,55.911504424778755,55.911504424778755,0.9785032792217194,0.3946772670080812,62.86,62.86,1.1466176005064894,0.8533823994935106,0.8533823994935106,2c88e48613124ff8b299ef45622251b0
2018,225,4890469,83762707.29317942,100082,8.0,1,8,64,64.0,13995.0,54.9375,57.9653125,53.18427478125,56.21203125,56.21203125,0.9919340521454438,0.39733659660288617,101.99,101.99,1.0898106221699646,0.9101893778300354,0.9101893778300354,850913834a264c3db00a9ba53e811687
2018,232,1970850,30793045.670626,43706,3.0,1,3,26,26.0,6056.0,56.07692307692307,56.07692307692307,56.076915,56.07692307692307,56.07692307692307,0.9922069128558016,0.3973908090739153,107.82,107.82,1.0882784636488338,0.9117215363511662,0.9117215363511662,cc9a6888d87f43798f02e15830dcc854
2018,88,438026,5459231.149970555,19162,4.0,1,4,15,15.0,2396.0,48.53333333333333,60.40066666666666,48.5333326,60.40066666666666,60.40066666666666,0.8822990753969416,0.3761418314158264,0.0,0.0,0.6569243165086479,0.6569243165086479,0.6569243165086479,432f22904703462da50bd4f0f6d00c47
2018,179,110683,1230658.620094764,7798,5.0,2,5,6,6.0,522.0,30.33333333333333,30.33333333333333,27.32876666666667,27.32833333333333,27.32833333333333,0.0,0.10621259009719232,0.0,0.0,2.626882966396292,0.0,0.0,77d6b35c04434d9fabd57143294a3587
2018,45,280445,2536763.037975065,6047,4.0,1,4,7,7.0,899.0,34.0,34.0,33.999998285714284,34.0,34.0,0.7565116587811596,0.3532134594504304,0.0,0.0,1.4934453781512604,0.5065546218487396,0.5065546218487396,b3bd8d95078b4a7390ecfee82564a4c8
2018,94,749613,9517971.088310007,33955,6.0,1,6,27,27.0,4580.0,53.407407407407405,67.69185185185185,53.407405777777775,67.69185185185185,67.69185185185185,0.8078845457305168,0.3624037850971075,0.0,0.0,0.5616902302372406,0.5616902302372406,0.5616902302372406,a2f0efec539142e6b95357c1e8cd7d16
2018,90,262518,3408420.8994959923,14888,3.0,1,3,12,12.0,1922.0,50.16666666666666,57.09666666666667,50.16666575,57.09666666666667,57.09666666666667,0.8141936552984197,0.3635488127678312,0.0,0.0,0.5689473991476443,0.5689473991476443,0.5689473991476443,94529f075e814681a3815eaf2786f496
2018,57,63818,717065.9468571015,1904,2.0,1,2,2,2.0,566.0,28.0,28.0,28.0,28.0,28.0,0.8787468112244897,0.3754743467859841,0.0,0.0,1.3482142857142858,0.6517857142857142,0.6517857142857142,9705f083bc9c4cf89e9eac3f3954ceee
2018,80,34640,322121.2051765988,3829,2.0,1,2,4,4.0,550.0,35.0,35.0,34.999998,35.0,35.0,0.8117059948979591,0.36309690088434027,0.0,0.0,0.5660714285714286,0.5660714285714286,0.5660714285714286,ebb2c9aba5cb44c4808648b4f40d979d
2018,251,311405,3671824.5149020487,17677,3.0,1,3,13,13.0,2230.0,52.769230769230774,56.176923076923075,48.53235523076923,51.94000000000001,51.94000000000001,0.9711389608241636,0.3932266747735517,0.0,0.0,0.8301146293060039,0.8301146293060039,0.8301146293060039,f5e1e8b17e104556a6f5a397bb34367b
2018,145,463588,5832874.877092998,14486,5.0,1,5,15,15.0,2902.0,46.66666666666666,47.98666666666666,32.4032906,33.723333333333336,33.723333333333336,0.8985744031170191,0.3792152354074307,0.0,0.0,0.6815261441138677,0.6815261441138677,0.6815261441138677,cba2e1fbe82149a3b1df5627ded705e7
2018,205,366890,7936823.143020977,14432,2.0,1,2,9,9.0,1262.0,52.88888888888889,52.88888888888889,52.88888766666667,52.88888888888889,52.88888888888889,0.979151309494386,0.3948051691365522,0.0,0.0,1.1443907563025209,0.8556092436974789,0.8556092436974789,ff3a65759b8b496dbcaf513c82f6a84a
2018,132,697910,10631509.338145092,8864,1.0,1,1,6,6.0,1892.0,63.0,63.0,63.0,63.0,63.0,0.9895560251672686,0.3968644387864497,0.0,0.0,1.1021957671957672,0.8978042328042328,0.8978042328042328,10453a94c4f8449889994aab510fb0ae
2018,34,33430,316260.32762627327,1569,2.0,1,2,2,2.0,270.0,28.0,28.0,18.973516,18.973333333333333,18.973333333333333,0.3429091834824827,0.2872265673277042,0.0,0.0,1.8106113843991567,0.1893886156008433,0.1893886156008433,ac73764a7c5348e7806742592230c35b
2018,144,2761957,34658799.48161078,78594,12.0,2,12,61,61.0,10070.0,57.377049180327866,59.99901639344262,57.37704881967213,59.99901639344262,59.99901639344262,0.9997970476323608,0.3989017993152211,153.0,153.0,1.014246135182544,0.985753864817456,0.985753864817456,7b650e21950048aaacc518efe92d9278
2018,48,69777,984609.6156185194,2588,2.0,2,2,4,4.0,604.0,38.5,38.5,25.2671225,25.2675,25.2675,0.4904015017936752,0.3092090225755906,0.0,0.0,0.2861383199762541,0.28613831997625416,0.28613831997625416,f2784d6f91394d33a25c9621f1723ff9
2018,91,254087,3209773.7413084125,9768,2.0,1,2,7,7.0,1137.0,46.0,46.0,45.99999842857143,46.0,46.0,0.8427951381119555,0.3687851830757407,0.0,0.0,0.6035093167701863,0.6035093167701863,0.6035093167701863,c3e2f3c16782413c8feb7434786115f2
